pdb,muts,k,ddg,additive_pred,epistasis
1A22_A_B,"NB31A,TB32A,QB33A,EB34A",4,-0.1365130658734441,-0.3727544517038122,0.236241385830368
1A22_A_B,"NB31A,TB32A,QB33A,EB34A,WB35A,WB39A",6,0.1659911215359368,0.2215046976228486,-0.0555135760869118
1A22_A_B,"SB57A,SB61A",2,-0.5693349948702728,-0.1475001202293446,-0.4218348746409281
1A22_A_B,"EB79A,KB80A",2,-0.3446062531955525,-0.1227829146739628,-0.2218233385215896
1A22_A_B,"QB121A,KB122A,VB126A",3,-0.8718391822796537,-0.6700887346441855,-0.2017504476354682
1A22_A_B,"RB172A,NB173A",2,0.9021939024871504,0.5479378241471519,0.3542560783399984
1A22_A_B,"QB171A,RB172A,NB173A",3,1.1030729730300426,1.43197852845675,-0.3289055554267073
1A22_A_B,"SB57A,SB61A,EB79A,KB80A",4,-0.8950651705818476,-0.2702830349033075,-0.6247821356785401
1A22_A_B,"SB57A,SB61A,EB79A,KB80A,QB121A,KB122A,VB126A",7,-1.399461579836853,-0.9403717695474932,-0.4590898102893599
1A22_A_B,"RB29A,RB30A,EB34A",3,0.9530878742875266,1.022568631861899,-0.0694807575743723
1A22_A_B,"KB158A,DB160A,KB161A,EB162A,EB164A",5,1.119736615871056,0.2517290680974819,0.868007547773574
1A22_A_B,"FA25A,YA42A,QA46A",3,0.1904375747317757,-0.1164084347541078,0.3068460094858836
1A22_A_B,"YA42A,QA46A",2,0.2732027510306097,0.3072228322320387,-0.0340200812014289
1A22_A_B,"FA25A,YA42A,QA46A",3,0.2057264656197804,-0.1164084347541078,0.3221349003738883
1A22_A_B,"YA42A,QA46A",2,0.3061372466081347,0.3072228322320387,-0.0010855856239039
1A22_A_B,"KA157A,EA163A",2,-0.7694182222722858,-0.9619815734635392,0.1925633511912534
1A22_A_B,"RA64A,DA160A",2,3.32126321630921,2.695095414705924,0.6261678016032866
1A22_A_B,"KA161A,FA165A",2,3.779136055829034,2.802352004931436,0.9767840508975985
1A4Y_A_B,"YA434A,DA435A",2,6.817802397635827,6.7445383676096045,0.0732640300262224
1A4Y_A_B,"YA434A,YA437A",2,6.64235769439474,4.096492935584882,2.545864758809857
1A4Y_A_B,"RB5A,YA434A",2,6.976664787266461,5.568803253938031,1.4078615333284308
1A4Y_A_B,"RB5A,DA435A",2,6.770402163355642,5.792231914317803,0.9781702490378388
1A4Y_A_B,"RB5A,YA434A,DA435A",3,10.102531497228734,9.05278676793272,1.0497447292960145
1A4Y_A_B,"RB5A,YA434A,YA437A",3,8.527752826863711,6.404741335907996,2.123011490955715
1A4Y_A_B,"KB40G,YA434F",2,6.662433745525384,3.792959752622069,2.8694739929033157
1A4Y_A_B,"KB40G,DA435A",2,4.105674310072185,6.71933512607818,-2.613660816005994
1A4Y_A_B,"KB40G,YA437A",2,6.451215554687527,4.071289694053458,2.379925860634068
1A4Y_A_B,"KB40G,YA434A,DA435A",3,6.211104473049019,9.979889979693096,-3.768785506644077
1A4Y_A_B,"KB40G,YA434A,YA437A",3,9.119068411486731,7.331844547668373,1.7872238638183582
1AO7_ABC_DE,"DD26A,EA58A",2,0.7492605661817169,0.4912500451496289,0.258010521032088
1AO7_ABC_DE,"RD27A,RA170A",2,1.1859770762750417,0.4136227864324805,0.7723542898425609
1AO7_ABC_DE,"QD30L,LC1A",2,2.7614602471391687,2.6233158100833034,0.1381444370558653
1AO7_ABC_DE,"QD30L,LC1A",2,3.022803247099988,2.6233158100833034,0.3994874370166847
1AO7_ABC_DE,"QD30V,LC1A",2,0.7233876757902749,0.8465366844377762,-0.1231490086475013
1AO7_ABC_DE,"QD30V,YA159A",2,3.3287852656024173,3.1518061620993327,0.1769791035030845
1AO7_ABC_DE,"SD31A,YC5A",2,1.7087260591321858,2.431225733923336,-0.7224996747911501
1AO7_ABC_DE,"SD31A,YC5F",2,-0.0405275831537921,0.9295845399804354,-0.9701121231342276
1AO7_ABC_DE,"YD50A,QA155A",2,0.2760121819481947,0.7224412458850193,-0.4464290639368246
1AO7_ABC_DE,"YD50A,QA155A",2,-0.1120666126776052,0.7224412458850193,-0.8345078585626247
1AO7_ABC_DE,"ND52A,EA166A",2,3.1417492781343204,2.5538596236997235,0.5878896544345968
1AO7_ABC_DE,"KD66A,TA163A",2,0.97766346680206,1.7923032902421827,-0.8146398234401228
1AO7_ABC_DE,"KD66A,EA166A",2,3.03240537125116,3.410092525503131,-0.3776871542519711
1AO7_ABC_DE,"TD91A,YC5A",2,3.029625146463712,2.542638403758695,0.4869867427050165
1AO7_ABC_DE,"TD92A,RA65A",2,2.4223863102811736,4.987933847371786,-2.5655475370906125
1AO7_ABC_DE,"DD93N,RA65A",2,3.082969589167345,5.50056973808012,-2.417600148912775
1AO7_ABC_DE,"SD94A,YC5A",2,1.8601788011884943,1.3479638865709542,0.5122149146175403
1AO7_ABC_DE,"WD95A,AA69G",2,2.9041580496662167,3.589663287554381,-0.6855052378881643
1AO7_ABC_DE,"EE28A,YC8A",2,3.4239049065659954,5.187359333050125,-1.7634544264841296
1AO7_ABC_DE,"RE92A,YC5A",2,2.01817952642932,1.9752689836046264,0.0429105428246936
1AO7_ABC_DE,"RE92A,YC5A",2,1.0458357002658971,1.9752689836046264,-0.9294332833387292
1AO7_ABC_DE,"RE92A,YC5A",2,1.718991624570965,1.9752689836046264,-0.2562773590336611
1AO7_ABC_DE,"RE92A,YC5F",2,0.6057087732351214,0.4736277896617262,0.1320809835733952
1AO7_ABC_DE,"PE100A,YC5A",2,2.404968962156688,2.742679631234899,-0.337710669078211
1AO7_ABC_DE,"PE100A,YC5A",2,1.924035799203524,2.742679631234899,-0.8186438320313751
1AO7_ABC_DE,"PE100A,YC5A",2,2.446368982377513,2.742679631234899,-0.2963106488573857
1AO7_ABC_DE,"PE100A,QA155A",2,0.9299444149788464,1.3887490720337756,-0.4588046570549291
1AO7_ABC_DE,"DD93A,QA72A",2,1.0603681028573009,0.9661498762365174,0.0942182266207832
1AO7_ABC_DE,"RE99A,YC5A",2,1.885099260970436,1.650118713021241,0.2349805479491948
1AO7_ABC_DE,"AE96M,GE97S,GE98A",3,-3.548066169533608,-1.7272351442676723,-1.820831025265936
1AO7_ABC_DE,"AE96M,GE97S,GE98A,RE99Q",4,-3.958538774773247,-1.3167625390280335,-2.6417762357452133
1AO7_ABC_DE,"DD26W,RD27F,SD51M,SD94T",4,-2.715947291864216,-2.1500518901755905,-0.5658954016886253
1AO7_ABC_DE,"DD26W,RD27F,GD28T,SD51M,SD94T",5,-1.284484952497557,-2.908942484056971,1.624457531559414
1AO7_ABC_DE,"DD26W,RD27F,SD51M,SD94T,VC7R",5,-1.3924533703278146,-0.9251776415001336,-0.467275728827681
1AO7_ABC_DE,"GD28I,SD94A",2,-0.3829240664170216,-0.5169474399540088,0.1340233735369871
1AO7_ABC_DE,"GD28I,SD94T",2,-0.8992155887893418,-0.7727249734820973,-0.1264906153072444
1AO7_ABC_DE,"GD28L,SD94A",2,-0.5083752828484174,-0.704120556325348,0.1957452734769306
1AO7_ABC_DE,"GD28L,SD94T",2,-1.0281485602304994,-0.9598980898534366,-0.0682504703770627
1AO7_ABC_DE,"GD28M,SD94A",2,-0.8042627892205427,-0.7559294711227632,-0.0483333180977795
1AO7_ABC_DE,"GD28M,SD94T",2,-1.746484545944187,-1.0117070046508516,-0.7347775412933353
1AO7_ABC_DE,"GD28M,SD51M,SD94T",3,-2.125506214107478,-1.3892718780032056,-0.7362343361042725
1AO7_ABC_DE,"GD28T,SD51M,SD94T",3,-1.6036715611656724,-1.6297214488146896,0.0260498876490171
1AO7_ABC_DE,"RD27F,GD28M,SD51M,SD94T",4,-1.8029259755674532,-1.5885262924049863,-0.214399683162467
1AO7_ABC_DE,"RD27F,GD28T,SD51M,SD94T",4,-1.6036715611656724,-1.8289758632164703,0.2253043020507978
1AO7_ABC_DE,"DD26W,GD28M,SD51M,SD94T",4,-1.0782223285867374,-2.4692384988437057,1.3910161702569683
1AO7_ABC_DE,"DD26W,GD28T,SD51M,SD94T",4,-1.2370847182173714,-2.70968806965519,1.4726033514378185
1AO7_ABC_DE,"GE98A,RE99Q",2,-1.562814893928946,-0.6800690607617347,-0.8827458331672114
1AO7_ABC_DE,"AE96M,GE97S",2,-1.04437387085905,-0.6366934782662989,-0.4076803925927511
1AO7_ABC_DE,"AE96M,GE97S,GE98A",3,-3.542452982558977,-1.7272351442676723,-1.815217838291305
1AO7_ABC_DE,"AE96M,GE97S,GE98A,RE99Q",4,-3.920319914980365,-1.3167625390280335,-2.603557375952331
1AO7_ABC_DE,"GD28T,AE96M,GE97S,GE98A",4,-3.8600455477558433,-2.4861257381490525,-1.3739198096067908
1AO7_ABC_DE,"GD28T,AE96M,GE97S,GE98A,RE99Q",5,-3.964205677271702,-2.0756531329094137,-1.8885525443622884
1AO7_ABC_DE,"DD26W,AE96M,GE97S,GE98A,RE99Q",5,-4.036809153083311,-2.3967291598685336,-1.6400799932147776
1AO7_ABC_DE,"DD26W,RD27F,SD51M,AE96M,GE97S,GE98A,RE99Q",7,-3.7091017241425055,-2.9735484476226683,-0.735553276519838
1AO7_ABC_DE,"DD26W,RD27F,SD51M,SD94T,AE96M,GE97S,GE98A,RE99Q",8,-3.4495729425162045,-3.466814429203624,0.017241486687419
1AO7_ABC_DE,"KD97P,AE50P,RE99P",3,-1.631220099988289,-2.533847433354625,0.9026273333663356
1AO7_ABC_DE,"KD97P,RE99P",2,-1.2207474947486507,-2.208476050015128,0.9877285552664774
1AO7_ABC_DE,"DD26W,RD27F,GD28T,SD51M,SD94T",5,-2.7434958306868333,-2.908942484056971,0.1654466533701377
1AO7_ABC_DE,"DD26W,RD27F,GD28T,SD51M,SD94T,RE99P",6,-3.3723454528678087,-4.849758913610975,1.4774134607431662
1AO7_ABC_DE,"DD26W,RD27F,GD28T,SD51M,SD94T,KD97P,AE50P,RE99P",8,-4.619988579215275,-5.442789917411596,0.8228013381963208
1BRS_A_D,"KA25A,YD29A",2,8.62072837320328,8.59275025620445,0.0279781169988293
1BRS_A_D,"KA25A,DD35A",2,9.544923356690155,9.40824375693671,0.1366795997534478
1BRS_A_D,"KA25A,WD38F",2,5.110881063462555,6.765650034659005,-1.6547689711964502
1BRS_A_D,"KA25A,DD39A",2,8.274338423502561,11.913775248684928,-3.639436825182367
1BRS_A_D,"KA25A,TD42A",2,5.721362942087001,6.980557874766089,-1.2591949326790877
1BRS_A_D,"KA25A,ED74A",2,6.693016186094079,6.2171319057686745,0.4758842803254044
1BRS_A_D,"KA25A,ED78A",2,5.510683347731928,5.600303550844214,-0.0896202031122861
1BRS_A_D,"RA57A,YD29A",2,8.118969771392118,8.455509226725182,-0.3365394553330638
1BRS_A_D,"RA57A,DD35A",2,6.3316285582112055,9.27100272745744,-2.939374169246234
1BRS_A_D,"RA57A,WD38F",2,6.275187128587938,6.628409005179737,-0.3532218765917987
1BRS_A_D,"RA57A,TD42A",2,6.817802397635827,6.84331684528682,-0.0255144476509929
1BRS_A_D,"RA57A,ED74A",2,4.96806807868404,6.079890876289406,-1.1118227976053658
1BRS_A_D,"RA57A,ED78A",2,5.199137964979466,5.463062521364945,-0.2639245563854793
1BRS_A_D,"RA81Q,YD29A",2,8.28933129499325,8.886590763781141,-0.5972594687878914
1BRS_A_D,"RA81Q,DD35A",2,9.601364786313423,9.7020842645134,-0.1007194781999736
1BRS_A_D,"RA81Q,WD38F",2,6.755409291864953,7.059490542235697,-0.3040812503707437
1BRS_A_D,"RA81Q,DD39A",2,6.436222683196838,12.207615756261616,-5.77139307306478
1BRS_A_D,"RA81Q,TD42A",2,6.104825604986807,7.27439838234278,-1.169572777355973
1BRS_A_D,"RA81Q,ED74A",2,6.718067096617075,6.510972413345366,0.2070946832717091
1BRS_A_D,"RA81Q,ED78A",2,5.761464750340701,5.894144058420905,-0.1326793080802044
1BRS_A_D,"RA85A,YD29A",2,8.049220213354744,9.22482428691164,-1.1756040735568971
1BRS_A_D,"RA85A,WD38F",2,7.03783742814369,7.397724065366196,-0.3598866372225062
1BRS_A_D,"RA85A,DD39A",2,7.182107207733142,12.545849279392115,-5.363742071658975
1BRS_A_D,"RA85A,TD42A",2,7.017056812037607,7.612631905473279,-0.5955750934356718
1BRS_A_D,"RA85A,ED74A",2,6.863377709695211,6.849205936475865,0.0141717732193455
1BRS_A_D,"RA85A,ED78A",2,6.124243304974603,6.232377581551404,-0.1081342765768011
1BRS_A_D,"HA100A,YD29A",2,6.304080019388588,9.81342681265599,-3.5093467932674027
1BRS_A_D,"HA100A,YD29F",2,5.547217464448231,6.212293506343741,-0.6650760418955102
1BRS_A_D,"HA100A,WD38F",2,7.638747608115104,7.986326591110545,-0.347578982995441
1BRS_A_D,"HA100A,DD39A",2,8.98731521615158,13.134451805136466,-4.1471365889848855
1BRS_A_D,"HA100A,TD42A",2,8.131985389653577,8.201234431217628,-0.0692490415640509
1BRS_A_D,"HA100A,ED74A",2,7.559672081085496,7.4378084622202145,0.121863618865281
1BRS_A_D,"HA100A,ED78A",2,6.742101163450844,6.820980107295753,-0.0788789438449093
1BRS_A_D,"RA57A,DD39A",2,11.356249285749188,11.776534219205658,-0.42028493345647
1BRS_A_D,"EA71Q,DD39A",2,7.204100756897474,8.241468481211255,-1.037367724313781
1BRS_A_D,"EA71Q,ED74A",2,3.5254320721272663,2.544825138295004,0.9806069338322628
1BRS_A_D,"EA71W,DD39A",2,6.662256062834048,8.446528694979023,-1.7842726321449751
1BRS_A_D,"EA71W,DD35A",2,5.709937762133709,5.940997203230803,-0.2310594410970941
1BRS_A_D,"EA71W,ED74A",2,3.548066169533608,2.74988535206277,0.798180817470838
1BRS_A_D,"EA71F,DD39A",2,7.468386084513972,9.024194831897647,-1.5558087473836766
1BRS_A_D,"EA71F,DD35A",2,6.4073297923961885,6.518663340149431,-0.1113335477532428
1BRS_A_D,"EA71A,DD39A",2,7.182107207733142,9.141857604727088,-1.9597503969939456
1BRS_A_D,"EA71A,DD35A",2,6.437349585139184,6.636326112978869,-0.1989765278396849
1BRS_A_D,"HA100Q,RA57K",2,6.909088394207351,7.035564155517144,-0.1264757613097931
1BRS_A_D,"HA100Q,RA57A",2,9.30481227505165,9.5350728623225,-0.23026058727085
1CHO_EFG_I,"TI14K,LI15R",2,7.368542353178107,7.986829202797379,-0.6182868496192722
1CHO_EFG_I,"TI14R,LI15R",2,7.126392621466586,7.781295330321175,-0.6549027088545891
1CHO_EFG_I,"AI12R,LI15R",2,4.908160887200117,4.413114906625365,0.4950459805747513
1CHO_EFG_I,"AI12R,TI14K,LI15R",3,7.876657061163049,8.448887869521203,-0.572230808358154
1CHO_EFG_I,"AI12R,TI14P,LI15R",3,8.796329504860907,8.58763786473967,0.2086916401212377
1CHO_EFG_I,"PI11S,AI12R,TI14P,LI15R",4,8.366349530533979,8.153058116394385,0.2132914141395936
1CHO_EFG_I,"KI10R,AI12R,TI14K,LI15R",4,7.915838531499425,8.076330939118462,-0.1604924076190368
1CHO_EFG_I,"KI10R,PI11F,AI12R,TI14K,LI15R",5,7.985703587672623,7.773054161284158,0.2126494263884657
1CHO_EFG_I,"PI11S,AI12L,TI14K,LI15R",4,7.196424375916856,7.690999449670562,-0.4945750737537056
1CHO_EFG_I,"AI12R,TI14K,LI15R,EI16S",4,8.276532231141658,11.204502324103156,-2.9279700929614965
1CHO_EFG_I,"NI25S,GI29A",2,-0.8489660516385791,-0.918804553901041,0.0698385022624619
1CHO_EFG_I,"AI12D,GI29A",2,-0.8537353677238616,-0.918804553901041,0.0650691861771793
1CHO_EFG_I,"TI14M,LI15S,GI29V",3,8.863424341858742,9.45606898977052,-0.5926446479117775
1CHO_EFG_I,"AI12T,LI15M",2,0.910677905953329,1.3031164055631377,-0.3924384996098085
1CHO_EFG_I,"AI12D,LI15A,YI17D",3,10.762061234388904,10.900096416140002,-0.138035181751098
1CHO_EFG_I,"LI15M,YI17Q",2,3.4708242777732887,3.458299871542648,0.0125244062306406
1CHO_EFG_I,"LI15M,GI29D",2,3.372427705627272,3.413336308638424,-0.0409086030111525
1CHO_EFG_I,"AI12D,LI15A",2,4.760982051582438,4.781941707925524,-0.020959656343086
1CHO_EFG_I,"TI14P,LI15K,GI29D",3,9.792149643425905,11.55309655605576,-1.7609469126298567
1CHO_EFG_I,"TI14P,LI15K",2,8.250078388681615,8.48723518412292,-0.2371567954413045
1CHO_EFG_I,"AI12V,TI14S",2,3.5600497365450083,3.243444705400231,0.3166050311447774
1CHO_EFG_I,"TI14K,LI15R",2,7.232003271605945,7.986829202797379,-0.7548259311914345
1CHO_EFG_I,"TI14R,LI15R",2,7.101634334828679,7.781295330321175,-0.6796609954924957
1CHO_EFG_I,"AI12R,LI15R",2,4.838996162141851,4.413114906625365,0.4258812555164857
1CHO_EFG_I,"AI12R,TI14K,LI15R",3,7.845115482841167,8.448887869521203,-0.6037723866800357
1CHO_EFG_I,"AI12R,TI14P,LI15R",3,8.763738435134735,8.58763786473967,0.1761005703950662
1CHO_EFG_I,"PI11S,AI12R,TI14P,LI15R",4,8.340139069862916,8.153058116394385,0.1870809534685307
1CHO_EFG_I,"KI10T,PI11E,AI12Y",3,-0.932326498390134,-1.1981555970982298,0.2658290987080958
1CHO_EFG_I,"KI10T,PI11E,AI12Y,LI15G,RI18M,GI29P,NI33V",7,5.822344806865358,7.734393625252813,-1.912048818387455
1CHO_EFG_I,"KI10S,PI11D,AI12Y",3,-1.0224170523044591,-2.1236587206628954,1.101241668358436
1CHO_EFG_I,"KI10S,PI11D,AI12Y,LI15G,EI16I,RI18K",6,7.193693432859247,7.136723180212403,0.0569702526468436
1DAN_HL_UT,"TT55A,FU50A",2,4.497237923605196,4.060421071645834,0.436816851959362
1DAN_HL_UT,"TT55A,KT15A",2,3.176240214970681,4.824730794092904,-1.6484905791222229
1DAN_HL_UT,"DT39A,WT40A",2,1.5672020150969113,3.402729379138183,-1.835527364041272
1DAN_HL_UT,"DT39A,FU50A",2,3.299611633165917,3.185676713460233,0.1139349197056844
1DAN_HL_UT,"DT39A,KT15A",2,4.155289802938624,3.949986435907303,0.2053033670313206
1DAN_HL_UT,"DT39A,DT53A",2,4.011521981298148,3.426462429809584,0.5850595514885644
1DAN_HL_UT,"DT39A,TT55A",2,4.324797857718529,3.750456316724311,0.5743415409942187
1DAN_HL_UT,"DT39A,KT15A,FU50A",3,5.963413679387302,5.697807170098182,0.2656065092891202
1DAN_HL_UT,"TU103A,VU104A",2,-0.1489624355934026,0.2195866801021185,-0.368549115695521
1DAN_HL_UT,"SU101A,RU102A",2,0.6382797461353424,0.4575070878956795,0.1807726582396629
1DAN_HL_UT,"NU17A,QU20A",2,0.4143055428408938,1.3048801557738938,-0.890574612933
1DAN_HL_UT,"KT63A,QT64A",2,-0.206022337118316,-0.0703507019241411,-0.1356716351941748
1DAN_HL_UT,"DT56A,ET57A",2,0.3044237572976232,0.2419360038593085,0.0624877534383147
1DAN_HL_UT,"KT41A,KT43A",2,1.135345876547289,1.248901565229239,-0.1135556886819499
1DAN_HL_UT,"KT36A,DT39A",2,1.5707272055861157,1.7592814820674751,-0.1885542764813594
1DQJ_AB_C,"NA32A,KC96A",2,5.801847857542594,10.246501250100131,-4.444653392557537
1DQJ_AB_C,"SA91A,RC21A",2,3.170731539882444,2.645659075062992,0.5250724648194516
1DQJ_AB_C,"SA91A,YC20A",2,3.573091870427516,4.717596387075651,-1.1445045166481354
1DQJ_AB_C,"YA96A,RC21A",2,3.4851995037279018,2.3488217901520665,1.1363777135758353
1DQJ_AB_C,"YA96A,SC100A",2,0.913447196784014,1.9106338118913389,-0.9971866151073248
1DQJ_AB_C,"DB32A,KC97A",2,1.122383354770886,5.53313926576928,-4.410755910998393
1DQJ_AB_C,"YB53A,WC62A",2,1.2863080020399544,1.938356548918477,-0.6520485468785227
1DQJ_AB_C,"YB53A,WC63A",2,2.199232230576519,2.526547130025749,-0.3273148994492301
1DQJ_AB_C,"YB53A,LC75A",2,1.2168617407016544,2.632684984444718,-1.4158232437430636
1DQJ_AB_C,"YB53A,DC101A",2,2.727120959054331,2.5568284012055416,0.1702925578487892
1DQJ_AB_C,"WB98A,SC100A",2,5.362245439397926,5.707108036502255,-0.3448625971043295
1DQJ_AB_C,"WB98A,KC97A",2,6.6600859123140985,8.451230741057083,-1.7911448287429843
1DQJ_AB_C,"WB98A,YC20A",2,5.112097053195768,8.217233326775641,-3.1051362735798733
1DVF_AB_CD,"EB98A,YD102A",2,4.633296707629384,8.926083340093875,-4.292786632464491
1DVF_AB_CD,"DB54A,YC49A",2,4.492871576053978,6.141856514241542,-1.6489849381875643
1DVF_AB_CD,"DB58A,QD104A",2,1.464172445090922,3.228727229857064,-1.7645547847661422
1DVF_AB_CD,"YA49A,ND55A",2,2.030369477033861,3.539190558713713,-1.508821081679852
1DVF_AB_CD,"YA32A,RD106A",2,4.650588061375707,6.121050915615356,-1.4704628542396492
1DVF_AB_CD,"NB56A,QD104A",2,1.4868643704150872,2.791161304354669,-1.304296933939582
1DVF_AB_CD,"WB52A,QD104A",2,4.162862978648857,5.761720964910394,-1.598857986261537
1DVF_AB_CD,"DB100A,HD33A",2,4.148118977425332,4.650114501340874,-0.501995523915542
1DVF_AB_CD,"DB100A,DD52A",2,4.319723285935899,4.471804042390302,-0.1520807564544029
1DVF_AB_CD,"YA49A,HD33A",2,2.6250449957313493,3.539190558713713,-0.9141455629823638
1DVF_AB_CD,"DB100A,ND55A",2,4.090681438581496,4.650114501340874,-0.5594330627593784
1DVF_AB_CD,"NB56A,ND55A",2,2.301092834498304,3.0230392691816714,-0.7219464346833675
1DVF_AB_CD,"NB56A,HD33A",2,2.525999312193167,3.0230392691816714,-0.4970399569885044
1JTG_A_B,"GA212S,DB49A",2,2.634037732599545,2.079444109688468,0.5545936229110775
1JTG_A_B,"GA212S,FB142A",2,3.680208833341857,2.536497564762312,1.1437112685795454
1JTG_A_B,"EA79K,DB49A",2,5.637911570123902,5.586391672045604,0.0515198980782978
1JTG_A_B,"EA79K,FB142A",2,4.552681032028127,6.043445127119448,-1.490764095091321
1JTG_A_B,"SA209A,DB49A",2,1.6403711576938846,3.585631751036083,-1.9452605933421985
1JTG_A_B,"SA105A,DB49A",2,1.384012127884364,2.9097621564046,-1.5257500285202357
1JTG_A_B,"SA209A,SA105A,DB49A",3,1.0936671258526118,4.148290177291091,-3.05462305143848
1JTG_A_B,"RA217A,DB49A",2,1.1111847360070124,3.6490882608177113,-2.537903524810699
1JTG_A_B,"KA208A,DB49A",2,1.553325718470923,3.568680258960913,-2.01535454048999
1JTG_A_B,"RA217A,SA209A,DB49A",3,0.4078657626206081,4.887616281704203,-4.479750519083595
1JTG_A_B,"RA217A,SA105A,DB49A",3,1.254376963060416,4.211746687072719,-2.957369724012304
1JTG_A_B,"SA209A,KA208A,DB49A",3,1.534138722908209,4.807208279847404,-3.2730695569391948
1JTG_A_B,"KA208A,SA105A,DB49A",3,1.3176035479160997,4.131338685215921,-2.813735137299821
1JTG_A_B,"RA217A,SA209A,SA105A,DB49A",4,0.8938654038407085,5.45027470795921,-4.556409304118501
1JTG_A_B,"SA209A,SA105A,KA208A,DB49A",4,0.6089833776952254,5.369866706102412,-4.7608833284071865
1JTG_A_B,"RA217A,KA208A,DB49A",3,1.9035689059560224,4.870664789629032,-2.967095883673009
1JTG_A_B,"RA217A,SA209A,KA208A,DB49A",4,2.031516604462914,6.109192810515523,-4.07767620605261
1JTG_A_B,"KA208A,SA105A,RA217A,DB49A",4,1.4903029616125525,5.433323215884041,-3.943020254271489
1JTG_A_B,"KA208A,SA209A,SA105A,RA217A,DB49A",5,1.7261991728458523,6.671851236770532,-4.94565206392468
1JTG_A_B,"SA209A,SA105A",2,1.1522184131963342,1.8011864471414991,-0.6489680339451651
1JTG_A_B,"RA217A,SA209A",2,0.7392628408306383,2.5405125515546105,-1.8012497107239722
1JTG_A_B,"RA217A,SA105A",2,1.848866645841248,1.864642956923128,-0.0157763110818798
1JTG_A_B,"SA209A,KA208A",2,2.0927860157941534,2.4601045496978124,-0.3673185339036591
1JTG_A_B,"KA208A,SA105A",2,1.9787125254180724,1.7842349550663292,0.1944775703517431
1JTG_A_B,"RA217A,SA209A,SA105A",3,1.6873533285666609,3.1031709778096186,-1.4158176492429575
1JTG_A_B,"SA209A,SA105A,KA208A",3,1.848866645841248,3.0227629759528205,-1.1738963301115726
1JTG_A_B,"RA217A,KA208A",2,2.728852500615488,2.523561059479441,0.2052914411360471
1JTG_A_B,"RA217A,SA209A,KA208A",3,2.715740818310993,3.762089080365932,-1.0463482620549387
1JTG_A_B,"KA208A,SA105A,RA217A",3,2.5082985390459385,3.086219485734449,-0.5779209466885105
1JTG_A_B,"KA208A,SA209A,SA105A,RA217A",4,2.787255464963637,4.32474750662094,-1.5374920416573032
1JTG_A_B,"KB74A,FB142A",2,4.8501983538242746,6.420615507116562,-1.5704171532922873
1JTG_A_B,"KB74A,YB143A",2,3.0572752523549256,4.32627569325116,-1.269000440896234
1JTG_A_B,"FB142A,YB143A",2,2.8418784608436707,3.513974556581469,-0.6720960957377988
1JTG_A_B,"KB74A,FB142A,YB143A",3,3.893657485543492,7.130432878474595,-3.2367753929311034
1JTG_A_B,"KB74A,EA79A",2,1.576142728074618,5.595259652813244,-4.019116924738626
1JTG_A_B,"FB142A,EA79A",2,2.746658790250977,4.782958516143554,-2.036299725892577
1JTG_A_B,"YB143A,EA79A",2,1.863720735450332,2.6886187022781525,-0.8248979668278202
1JTG_A_B,"KB74A,FB142A,EA79A",3,3.1288387954580443,8.39941683803668,-5.270578042578636
1JTG_A_B,"KB74A,YB143A,EA79A",3,1.050197837971873,6.305077024171278,-5.254879186199405
1JTG_A_B,"FB142A,YB143A,EA79A",3,2.889986347220016,5.492775887501589,-2.6027895402815733
1JTG_A_B,"KB74A,FB142A,YB143A,EA79A",4,2.387913337760374,9.109234209394714,-6.72132087163434
1JTG_A_B,"KB74A,YA80A",2,3.3208492444000064,3.485263731014592,-0.1644144866145853
1JTG_A_B,"FB142A,YA80A",2,0.69405547726028,2.672962594344902,-1.9789071170846215
1JTG_A_B,"YB143A,YA80A",2,1.0749618695209888,0.5786227804795001,0.4963390890414887
1JTG_A_B,"KB74A,FB142A,YA80A",3,4.776995801793643,6.289420916238028,-1.512425114444385
1JTG_A_B,"KB74A,YB143A,YA80A",3,3.3936278974919936,4.195081102372626,-0.8014532048806324
1JTG_A_B,"FB142A,YB143A,YA80A",3,2.9855674617464314,3.382779965702936,-0.3972125039565042
1JTG_A_B,"KB74A,FB142A,YB143A,YA80A",4,4.227523040825087,6.999238287596062,-2.7717152467709747
1JTG_A_B,"EA79A,YA80A",2,1.0265502143425045,1.847606740041585,-0.8210565256990805
1JTG_A_B,"KB74A,EA79A,YA80A",3,1.3854958313751518,5.46406506193471,-4.078569230559559
1JTG_A_B,"FB142A,EA79A,YA80A",3,1.5043303667692922,4.651763925265021,-3.1474335584957287
1JTG_A_B,"YB143A,EA79A,YA80A",3,2.0537580487326013,2.5574241113996186,-0.5036660626670173
1JTG_A_B,"KB74A,FB142A,EA79A,YA80A",4,3.1288387954580443,8.268222247158146,-5.139383451700102
1JTG_A_B,"KB74A,YB143A,EA79A,YA80A",4,1.767165264288974,6.173882433292745,-4.4067171690037705
1JTG_A_B,"FB142A,YB143A,EA79A,YA80A",4,2.8418784608436707,5.361581296623055,-2.5197028357793845
1JTG_A_B,"KB74A,FB142A,YB143A,EA79A,YA80A",5,2.4116471324038176,8.97803961851618,-6.5663924861123615
1JTG_A_B,"DB49A,RA217A",2,1.0987317544098651,3.6490882608177113,-2.550356506407846
1JTG_A_B,"KB74A,RA217A",2,6.61730519832461,4.918442852561245,1.6988623457633647
1JTG_A_B,"FB142A,RA217A",2,3.3936278974919936,4.106141715891555,-0.7125138183995614
1JTG_A_B,"YB143A,RA217A",2,2.268834147625303,2.011801902026153,0.2570322455991496
1JTG_A_B,"KB74A,FB142A,RA217A",3,5.493855800435951,7.722600037784681,-2.22874423734873
1JTG_A_B,"KB74A,YB143A,RA217A",3,4.371179997421512,5.628260223919279,-1.2570802264977663
1JTG_A_B,"FB142A,YB143A,RA217A",3,4.540767926148425,4.815959087249589,-0.2751911611011639
1JTG_A_B,"KB74A,FB142A,YB143A,RA217A",4,5.255483888305936,8.432417409142715,-3.176933520836779
1JTG_A_B,"DB49A,KA208A",2,1.5999353545009278,3.568680258960913,-1.968744904459985
1JTG_A_B,"KB74A,KA208A",2,6.54515591156147,4.838034850704447,1.7071210608570233
1JTG_A_B,"FB142A,KA208A",2,3.3936278974919936,4.025733714034757,-0.6321058165427638
1JTG_A_B,"YB143A,KA208A",2,2.555516650543763,1.931393900169355,0.6241227503744082
1JTG_A_B,"KB74A,FB142A,KA208A",3,5.82823119234379,7.642192035927882,-1.813960843584092
1JTG_A_B,"KB74A,YB143A,KA208A",3,4.873821471989569,5.547852222062481,-0.6740307500729124
1JTG_A_B,"FB142A,YB143A,KA208A",3,4.679836830223144,4.735551085392791,-0.0557142551696472
1JTG_A_B,"KB74A,FB142A,YB143A,KA208A",4,5.470165169668178,8.352009407285916,-2.881844237617738
1JTG_A_B,"DB49A,SA105A",2,0.3579289870971268,2.9097621564046,-2.5518331693074727
1JTG_A_B,"KB74A,SA105A",2,3.17720744662126,4.179116748148134,-1.0019093015268743
1JTG_A_B,"FB142A,SA105A",2,2.8418784608436707,3.366815611478444,-0.5249371506347731
1JTG_A_B,"YB143A,SA105A",2,1.7911636492664154,1.272475797613042,0.5186878516533735
1JTG_A_B,"KB74A,FB142A,SA105A",3,5.15954870756423,6.98327393337157,-1.8237252258073395
1JTG_A_B,"KB74A,YB143A,SA105A",3,3.7267489559356166,4.888934119506168,-1.162185163570551
1JTG_A_B,"FB142A,YB143A,SA105A",3,4.156417093915275,4.076632982836478,0.0797841110787969
1JTG_A_B,"KB74A,FB142A,YB143A,SA105A",4,5.064507117712336,7.693091304729603,-2.6285841870172675
1JTG_A_B,"QA74A,HB148A",2,3.199986670064844,3.414716990960025,-0.2147303208951809
1JTG_A_B,"QA74A,WB150A",2,3.821956733674985,4.821469224895947,-0.9995124912209614
1JTG_A_B,"QA74A,RB160A",2,3.749268277337723,3.2436417189948425,0.5056265583428803
1JTG_A_B,"NA75A,HB148A",2,2.1020508028381037,1.9462218681666552,0.1558289346714481
1JTG_A_B,"NA75A,WB150A",2,4.347520920499064,3.3529741021025776,0.9945468183964864
1JTG_A_B,"NA75A,RB160A",2,1.576142728074618,1.7751465962014732,-0.1990038681268553
1JTG_A_B,"EA143A,WB162A",2,2.076537272176185,2.1895927621089406,-0.1130554899327553
1JTG_A_B,"VA78A,WB162A",2,4.227523040825087,4.172030793505922,0.0554922473191652
1JTG_A_B,"MA104A,YB53A",2,3.607659332537532,3.987574056453301,-0.3799147239157689
1JTG_A_B,"MA104A,YB50A",2,0.3579289870971268,-0.5878872847639658,0.9458162718610924
1JTG_A_B,"MA104A,FB36A",2,3.629696732773157,4.343893977371149,-0.714197244597992
1JTG_A_B,"PA82A,HB41A",2,2.651758214042325,3.242547536226481,-0.5907893221841567
1JTG_A_B,"PA82A,YB50A",2,-0.6468709048605432,-1.7802930990596957,1.1334221941991522
1JTG_A_B,"PA82A,YB53A",2,2.387913337760374,2.795168242157572,-0.4072549043971976
1JTG_A_B,"VA190A,YB50A",2,-0.8851342883011685,-2.199241772640508,1.3141074843393392
1JTG_A_B,"EA85A,SB113A,SB71A",3,5.040033106204279,1.000326667391978,4.039706438812301
1JTG_A_B,"EA85A,SB113A",2,4.563547149592009,0.8616668570450489,3.70188029254696
1JTG_A_B,"EA85A,SB71A",2,5.017106883432151,1.516033409999928,3.501073473432222
1JTG_A_B,"SB71A,SB113A",2,0.4558639655100153,-0.3770469322610207,0.832910897771036
1JTG_A_B,"EA79A,SB113A",2,1.863720735450332,1.4630945883121689,0.4006261471381636
1JTG_A_B,"QA74A,WB112A",2,3.536153063653907,3.3867010564013578,0.1494520072525493
1JTG_A_B,"QA74A,WB162A",2,2.889986347220016,2.769441747884046,0.1205445993359695
1JTG_A_B,"QA74A,KB74A",2,4.107812003081107,4.123757806863905,-0.0159458037827979
1JTG_A_B,"QA74A,FB142A",2,2.817874652855631,3.3114566701942154,-0.4935820173385843
1JTG_A_B,"QA74A,DB49A",2,2.1973998465113485,2.854403215120371,-0.6570033686090224
1JTG_A_B,"NA75A,WB112A",2,2.7939666180720533,1.9182059336079884,0.8757606844640649
1JTG_A_B,"NA75A,WB162A",2,2.1020508028381037,1.3009466250906765,0.8011041777474268
1JTG_A_B,"NA75A,RB160A",2,1.576142728074618,1.7751465962014732,-0.1990038681268553
1JTG_A_B,"NA75A,KB74A",2,3.510260992462404,2.655262684070536,0.8549983083918682
1JTG_A_B,"NA75A,FB142A",2,2.2925775556126644,1.842961547400846,0.4496160082118183
1JTG_A_B,"NA75A,DB49A",2,1.576142728074618,1.385908092327002,0.1902346357476159
1JTG_A_B,"VA78A,RB160A",2,4.347520920499064,4.646230764616719,-0.2987098441176545
1JTG_A_B,"VA78A,FB142A",2,4.514655260135224,4.714045715816091,-0.1993904556808674
1JTG_A_B,"EA143A,WB112A",2,2.7939666180720533,2.8068520706262525,-0.0128854525541992
1JTG_A_B,"EA143A,WB150A",2,4.107812003081107,4.2416202391208415,-0.1338082360397345
1JTG_A_B,"EA143A,RB160A",2,2.317888536031313,2.6637927332197373,-0.3459041971884238
1JTG_A_B,"EA143A,KB74A",2,4.060110171243092,3.5439088210888,0.5162013501542915
1JTG_A_B,"EA143A,FB142A",2,2.5798899174585967,2.73160768441911,-0.1517177669605134
1JTG_A_B,"EA143A,DB49A",2,1.5043303667692922,2.274554229345266,-0.7702238625759739
1JTG_A_B,"EA85A,YB50A",2,3.9653278587323295,-0.3291665851817136,4.294494443914044
1JTG_A_B,"MA104A,SB113A,SB71A",3,1.6719939959911116,0.7416059678097259,0.9303880281813858
1JTG_A_B,"VA190A,FB142A",2,2.1973998465113485,2.3114555974176403,-0.1140557509062918
1JTG_A_B,"EA79A,SB113A,SB71A",3,2.5798899174585967,1.601754398659098,0.9781355187994988
1JTG_A_B,"EA85G,EA143G",2,-0.6097270196414196,-1.0825927306519323,0.4728657110105129
1JTG_A_B,"EA85V,EA143G",2,-0.741869683449669,-0.8424816490134254,0.1006119655637564
1JTG_A_B,"EB73M,KB74A",2,4.30697827002587,4.122547336548315,0.1844309334775546
1JTG_A_B,"EB73M,FB142A",2,2.540051348934936,3.310246199878626,-0.7701948509436898
1JTG_A_B,"EB73M,KB74A,FB142A",3,4.569503802011185,6.926704521771751,-2.3572007197605664
1JTG_A_B,"EA79A,EB73M",2,1.8416595715975492,2.484890345575309,-0.6432307739777594
1JTG_A_B,"EA79A,EB73M,KB74A",3,2.101789237449544,6.101348667468434,-3.99955943001889
1JTG_A_B,"EA79A,EB73M,FB142A",3,2.8538152840946163,5.289047530798745,-2.4352322467041283
1JTG_A_B,"EA79A,EB73M,KB74A,FB142A",4,2.5895945327111614,8.90550585269187,-6.315911319980709
1JTG_A_B,"EB73A,YB50A",2,-1.4957031433354149,-1.271708684007712,-0.2239944593277028
1KNE_A_P,"AA3F,TP2K",2,-0.0359011003096877,-0.4292076690803735,0.3933065687706858
1KNE_A_P,"AA3F,TP2I",2,0.5894793450370344,0.1589829120268982,0.430496433010136
1KNE_A_P,"AA3F,TP2F",2,0.8032666799999735,-0.0187350638407347,0.8220017438407082
1KNE_A_P,"AA3F,TP2L",2,0.3927940747603349,0.089233353989523,0.3035607207708118
1KNE_A_P,"AA3K,TP2K",2,1.5990086489478272,0.5803216348304194,1.0186870141174078
1KNE_A_P,"AA3K,TP2I",2,1.3974089372548528,1.1685122159376913,0.2288967213171615
1KNE_A_P,"AA3K,TP2F",2,1.4686188826957325,0.9907942400700582,0.477824642625674
1KNE_A_P,"AA3K,TP2L",2,1.8336328514338465,1.098762657900316,0.7348701935335304
1KNE_A_P,"AA3L,TP2K",2,-0.1588623896306341,-0.3142310417410772,0.155368652110443
1KNE_A_P,"AA3L,TP2I",2,0.0658663520440863,0.2739595393661945,-0.2080931873221082
1KNE_A_P,"AA3L,TP2F",2,0.2516102156090045,0.0962415634985615,0.155368652110443
1KNE_A_P,"AA3L,TP2L",2,0.2516102156090045,0.2042099813288193,0.0474002342801852
1KNE_A_P,"AA3T,TP2K",2,-0.3142310417410772,-0.6908551892530284,0.3766241475119511
1KNE_A_P,"AA3T,TP2I",2,0.6022150357149303,-0.1026646081457566,0.7048796438606869
1KNE_A_P,"AA3T,TP2F",2,0.7850441101695896,-0.2803825840133896,1.0654266941829793
1KNE_A_P,"AA3T,TP2L",2,0.5631555983614666,-0.1724141661831318,0.7355697645445984
1KNE_A_P,"DA40F,TP2K",2,-0.2062626239108194,-0.9309662708915354,0.724703646980716
1KNE_A_P,"DA40F,TP2I",2,0.2042099813288193,-0.3427756897842635,0.5469856711130828
1KNE_A_P,"DA40F,TP2F",2,-0.1588623896306341,-0.5204936656518966,0.3616312760212624
1KNE_A_P,"DA40F,TP2L",2,0.2954959779003424,-0.4125252478216388,0.7080212257219812
1KNE_A_P,"DA40I,TP2K",2,0.5894793450370344,0.1463153318547992,0.4431640131822351
1KNE_A_P,"DA40I,TP2I",2,0.6146825865684581,0.734505912962071,-0.1198233263936129
1KNE_A_P,"DA40I,TP2F",2,1.094904749845472,0.556787937094438,0.5381168127510341
1KNE_A_P,"DA40I,TP2L",2,0.5764637267755756,0.6647563549246958,-0.0882926281491202
1KNE_A_P,"DA40K,TP2K",2,0.3363526451370685,-0.6908551892530284,1.0272078343900968
1KNE_A_P,"DA40K,TP2I",2,0.0,-0.1026646081457566,0.1026646081457566
1KNE_A_P,"DA40K,TP2F",2,-0.0359011003096877,-0.2803825840133896,0.2444814837037019
1KNE_A_P,"DA40K,TP2L",2,-0.3142310417410772,-0.1724141661831318,-0.1418168755579453
1KNE_A_P,"DA40T,TP2K",2,0.7267491992460632,0.1774902555064342,0.5492589437396289
1KNE_A_P,"DA40T,TP2I",2,0.8868115625233638,0.765680836613706,0.1211307259096577
1KNE_A_P,"DA40T,TP2F",2,1.24006303191518,0.587962860746073,0.652100171169107
1KNE_A_P,"DA40T,TP2L",2,0.2516102156090045,0.6959312785763307,-0.4443210629673262
1KNE_A_P,"KA24A,AA3K",2,-0.2577896121178109,-0.3727662394571071,0.1149766273392962
1LFD_A_B,"MA17K,DA45K",2,-0.2017313233819258,-1.3647237514215027,1.162992428039577
1LFD_A_B,"MA17K,DA81K",2,-0.4012753865016358,-1.6846589853265004,1.2833835988248643
1LFD_A_B,"MA17K,DA38K,DA45K",3,-1.8014345147097677,-2.3583940124427727,0.5569594977330052
1LFD_A_B,"MA17K,DA38K,DA45K,DA81K",4,-0.9013463645089084,-3.3822014570763037,2.4808550925673947
1LFD_A_B,"DA45K,DA81K",2,-0.701081679531705,-1.7276796553620637,1.0265979758303585
1LFD_A_B,"MA17K,DA45K",2,-1.04897042789816,-1.3647237514215027,0.3157533235233427
1LFD_A_B,"MA17K,DA81K",2,-0.9061574431196454,-1.6846589853265004,0.778501542206855
1LFD_A_B,"MA17K,DA38K,DA45K",3,-1.958813781745852,-2.3583940124427727,0.3995802306969205
1LFD_A_B,"MA17K,DA38K,DA45K,DA81K",4,-1.755995544399572,-3.3822014570763037,1.6262059126767312
1LFD_A_B,"DA45K,DA81K",2,-0.6036532557102645,-1.7276796553620637,1.124026399651799
1LFD_A_B,"NA16A,QB25A",2,0.301646566995909,1.3994667596104844,-1.0978201926145754
1LFD_A_B,"KA19A,QB25A",2,2.5001465810807257,2.85464156012822,-0.3544949790474945
1LFD_A_B,"DA38A,DB33A",2,0.200233033574296,0.6551148077954941,-0.4548817742211981
1LFD_A_B,"HA40A,DB33A",2,2.200568843357237,2.5983208841847536,-0.3977520408275161
1LFD_A_B,"NA16A,SB39A",2,0.0,-0.2514269115415132,0.2514269115415132
1LFD_A_B,"YA18F,SB39A",2,0.8004552907670912,0.5975764144735434,0.2028788762935478
1LFD_A_B,"KA35A,SB39A",2,-0.0996288195057268,-0.3870811293186492,0.2874523098129223
1LFD_A_B,"HA40A,SB39A",2,0.5009009813976899,0.7473701961245618,-0.2464692147268719
1LFD_A_B,"NA16A,YB40F",2,2.300137307695917,2.6473161497129625,-0.3471788420170449
1LFD_A_B,"YA18F,YB40F",2,2.6005227565589464,3.496319475728019,-0.8957967191690726
1LFD_A_B,"SA20A,YB40F",2,1.7983787058847558,3.096790718280206,-1.29841201239545
1LFD_A_B,"NA14A,RB41A",2,1.5999462024990228,1.7969816440491688,-0.197035441550146
1LFD_A_B,"NA16A,RB41A",2,1.400116570187032,1.3476931127484009,0.052423457438631
1LFD_A_B,"YA18F,RB41A",2,1.7983787058847558,2.1966964387634573,-0.3983177328787015
1LFD_A_B,"HA40A,VB29A",2,1.99603136988055,1.9947539385169768,0.0012774313635728
1LFD_A_B,"RA7A,EB37A",2,2.0969453709062877,3.0293491593458834,-0.932403788439596
1LFD_A_B,"NA14A,EB37A",2,1.99603136988055,2.145079866920198,-0.1490484970396477
1LFD_A_B,"YA18F,EB37A",2,1.2967130811737708,2.5447946616344868,-1.248081580460716
1LFD_A_B,"YA18A,EB37A",2,3.5961914707004405,4.792750995395142,-1.1965595246947016
1LFD_A_B,"SA20A,EB37A",2,2.2961928842461883,2.1452659041866737,0.1509269800595145
1LFD_A_B,"YA18A,DB38A",2,4.895477840612606,6.907677494671426,-2.0121996540588203
1LFD_A_B,"SA20A,DB38A",2,3.296174057678149,4.260192403462957,-0.9640183457848076
1LFD_A_B,"KA39A,DB38A",2,6.095765185902443,5.455286511050207,0.6404786748522362
1LFD_A_B,"YA18A,SB39A",2,4.095256434571158,2.8455327482341986,1.2497236863369592
1LFD_A_B,"NA14A,RB41A",2,1.4949743575235943,1.7969816440491688,-0.3020072865255743
1LFD_A_B,"NA16A,RB41A",2,0.7966876549615888,1.3476931127484009,-0.5510054577868121
1LFD_A_B,"KA35A,EB63A",2,0.2971276864519431,0.6607052795995356,-0.3635775931475924
1MHP_HL_A,"TH50V,SL27Q,NL51Y",3,-1.0235296437327657,-0.8708282652719804,-0.1527013784607852
1MHP_HL_A,"TH50V,KH64E",2,-0.3610393851254108,-0.2092135393470091,-0.1518258457784017
1MHP_HL_A,"LH60D,KH64Q",2,0.0429893394260245,-0.1389345788151968,0.1819239182412213
1MHP_HL_A,"LH60D,KH64E",2,-0.1418004830708645,-0.1389345788151968,-0.0028659042556677
1MHP_HL_A,"TH50V,SL27Q,NL51Y",3,-1.200207165435072,-0.8708282652719804,-0.3293789001630917
1MHP_HL_A,"KH64E,SL27Q,NL51Y",3,-0.9530878742875268,-0.8168440563568515,-0.1362438179306752
1MHP_HL_A,"TH50V,KH64E,SL27Q,NL51E",4,-1.2673189160286038,-0.9855029105392056,-0.2818160054893983
1MHP_HL_A,"TH50V,KH64E,SL27Q,NL51Y",4,-1.043213857183518,-0.9484429304879204,-0.0947709266955973
1MHP_HL_A,"TH50V,SH35A",2,2.075840171693097,1.4410860281411906,0.6347541435519064
1MHP_HL_A,"TH50V,SL27Q",2,-0.69468385423772,-0.8192033787681804,0.1245195245304603
1MHP_HL_A,"TH50V,KH64E",2,0.0,-0.2092135393470091,0.2092135393470091
1MHP_HL_A,"KH64E,SL27Q",2,-0.8568463107889651,-0.7652191698530515,-0.0916271409359136
1MHP_HL_A,"TH50V,SL27Q,NL51Y",3,-0.9530878742875268,-0.8708282652719804,-0.0822596090155463
1MHP_HL_A,"KH64E,SL27Q,NL51Y",3,-1.085230538095776,-0.8168440563568515,-0.2683864817389243
1MHP_HL_A,"TH50V,KH64E,SL27Q,NL51Y",4,-1.1257762645051954,-0.9484429304879204,-0.1773333340172749
1PPF_E_I,"AI15R,LI18R",2,7.22620090776498,6.824417057224223,0.4017838505407569
1PPF_E_I,"AI15D,GI32A",2,1.1429499266216887,1.376471820995918,-0.2335218943742294
1PPF_E_I,"AI15T,LI18M",2,-1.4720749815002026,2.1743255053597936,-3.646400486859996
1PPF_E_I,"LI18I,GI32D",2,2.4882075809203017,1.739744016049912,0.7484635648703897
1PPF_E_I,"AI15D,LI18A,YI20D",3,8.616768369386536,8.455824129724832,0.1609442396617044
1PPF_E_I,"LI18M,YI20Q",2,5.758645099258013,5.856788601190095,-0.0981435019320819
1PPF_E_I,"LI18M,GI32D",2,3.930677021297909,3.6873071630511456,0.2433698582467629
1PPF_E_I,"AI15V,TI17S",2,1.7412459139875558,1.7071962519469024,0.0340496620406534
1PPF_E_I,"KI13T,PI14E,AI15Y",3,-0.7480455328706751,-1.4280895125817092,0.6800439797110341
1PPF_E_I,"KI13T,PI14E,AI15Y,LI18G,RI21M,GI32P,NI36V",7,1.7507540054213904,1.7107123226274137,0.0400416827939769
1PPF_E_I,"KI13S,PI14D,AI15Y",3,-0.123663192370439,-0.2138742683061202,0.0902110759356811
1PPF_E_I,"KI13S,PI14D,AI15Y,LI18G,EI19I,RI21K",6,3.988932694936503,4.382287349433813,-0.3933546544973101
1R0R_E_I,"TI12K,LI13R",2,5.186594753669237,4.801719265103908,0.3848754885653287
1R0R_E_I,"TI12R,LI13R",2,6.416275096084083,6.19368246467413,0.2225926314099524
1R0R_E_I,"AI10R,LI13R",2,7.644698889429945,8.348515142305667,-0.7038162528757219
1R0R_E_I,"AI10R,TI12K,LI13R",3,9.185260772956996,10.255524155259632,-1.0702633823026346
1R0R_E_I,"PI9S,AI10L,TI12K,LI13R",4,4.824928539485343,3.2053701456453645,1.619558393839979
1R0R_E_I,"NI23S,GI27A",2,1.2363489522709228,1.231262350048014,0.0050866022229087
1R0R_E_I,"AI10D,GI27A",2,5.821646471322605,6.452307187960365,-0.6306607166377596
1R0R_E_I,"TI12M,LI13S,GI27V",3,2.9720234172431512,4.792378867192694,-1.820355449949543
1R0R_E_I,"AI10T,LI13M",2,0.255147036861425,0.7414393740261954,-0.4862923371647704
1R0R_E_I,"LI13I,GI27D",2,5.229929295604449,6.056974536495396,-0.8270452408909472
1R0R_E_I,"AI10D,LI13A,YI15D",3,8.820798657929096,11.11522961284134,-2.294430954912244
1R0R_E_I,"LI13M,YI15Q",2,3.589649521255766,3.931633576953431,-0.3419840556976647
1R0R_E_I,"LI13M,GI27D",2,2.3600785150396124,2.3389607133696537,0.0211178016699586
1R0R_E_I,"AI10D,LI13A",2,5.453804890155724,5.570267261975899,-0.1164623718201749
1R0R_E_I,"AI10V,TI12S",2,0.0934574231679992,-0.1095149445724126,0.2029723677404118
1R0R_E_I,"TI12R,LI13R",2,6.395851477935451,6.19368246467413,0.2021690132613205
1R0R_E_I,"AI10R,LI13R",2,7.616830594365891,8.348515142305667,-0.7316845479397758
1R0R_E_I,"AI10R,TI12K,LI13R",3,9.158668107168277,10.255524155259632,-1.0968560480913574
1R0R_E_I,"KI8T,PI9E,AI10Y",3,-0.8635790489324525,-2.1613501580211087,1.2977711090886563
1R0R_E_I,"KI8T,PI9E,AI10Y,LI13G,RI16M,GI27P,NI31V",7,2.391412643934678,2.32407593624028,0.0673367076943982
1R0R_E_I,"KI8S,PI9D,AI10Y",3,-1.9095754639467837,-3.616280832423701,1.7067053684769171
1R0R_E_I,"KI8S,PI9D,AI10Y,LI13G,EI14I,RI16K",6,0.7900912572647184,-0.6639477291712887,1.4540389864360073
1VFB_AB_C,"YA32A,QC121A",2,1.5860408822311405,4.405131304859904,-2.819090422628763
1VFB_AB_C,"YA32A,IC124A",2,2.905715599466968,2.759551234632123,0.1461643648348447
1VFB_AB_C,"YA50A,DC18A",2,1.265923893494196,0.7962165568245583,0.4697073366696378
1VFB_AB_C,"YA50A,DC119A",2,1.231417815718916,1.4091738669927611,-0.1777560512738452
1VFB_AB_C,"WA92A,QC121A",2,3.5189363566285787,5.9148457819875855,-2.3959094253590068
1VFB_AB_C,"WA92A,IC124A",2,3.850333434838608,4.269265711759805,-0.4189322769211965
1VFB_AB_C,"WA92A,RC125A",2,3.393289408319017,4.874747646613399,-1.4814582382943824
1VFB_AB_C,"WA92A,LC129A",2,3.3073626048121616,3.2093926104292363,0.0979699943829253
1VFB_AB_C,"YB32A,KC116A",2,1.5860408822311405,1.505129646649176,0.0809112355819641
1VFB_AB_C,"WB52A,DC119A",2,2.247372355812149,1.593715205272913,0.6536571505392357
1VFB_AB_C,"DB54A,TC118A",2,1.25464380402111,1.58020700371176,-0.3255631996906498
1VFB_AB_C,"DB100A,SC24A",2,3.369755710583035,3.855966796729763,-0.4862110861467279
1VFB_AB_C,"YB101F,DC119A",2,2.73652094676949,2.22265225254686,0.51386869422263
1VFB_AB_C,"YB101F,VC120A",2,2.538477643982484,2.186514230132792,0.3519634138496919
2C5D_A_C,"GC6S,DC61G",2,-0.5293071406337789,-0.4046286092072475,-0.1246785314265314
2C5D_A_C,"GC6S,VC66A",2,-0.8466167689920084,-0.5001294761839775,-0.3464872928080309
2C5D_A_C,"GC6S,GC101R",2,0.0348445669482568,0.0807046526567927,-0.0458600857085359
2C5D_A_C,"DC61G,GC101R",2,-0.5608378388782719,-0.5217784015248081,-0.0390594373534637
2C5D_A_C,"VC66A,GC101R",2,-0.6559918230224728,-0.6172792685015381,-0.0387125545209346
2C5D_A_C,"DC61G,VC66A",2,-1.0399045153652682,-1.1026125303655785,0.06270801500031
2C5D_A_C,"DC61G,VC66A,GC101R",3,-0.8695429917641364,-1.1208351001959622,0.2512921084318258
2C5D_A_C,"GC6S,VC66A,GC101R",3,-0.796340439733505,-0.5183520460143615,-0.2779883937191435
2C5D_A_C,"GC6S,DC61G,GC101R",3,-0.5516564643909689,-0.4228511790376314,-0.1288052853533375
2G2U_A_B,"EB73A,YB50A",2,-2.451417127434373,-4.053344396346283,1.60192726891191
2G2U_A_B,"YB50A,YB143A",2,-2.074792979922422,-3.921201732538033,1.8464087526156117
2G2U_A_B,"EB73A,YB143A",2,-1.8346818982839157,-3.824960169039472,1.9902782707555569
2G2U_A_B,"WB112A,YB143A",2,-0.409425413468964,-0.8881033398011096,0.4786779263321455
2G2U_A_B,"WB150A,YB143A",2,0.9886806242689772,-0.0619861593987807,1.050666783667758
2G2U_A_B,"EB73M,SB130K",2,-2.8081671594233697,-4.472880385959091,1.6647132265357216
2G2U_A_B,"EB73M,KB74A",2,0.4744525086984674,-3.2213373906060947,3.695789899304562
2G2U_A_B,"EB73M,FB142A",2,0.3230021621870997,-2.728395628464938,3.0513977906520378
2G2U_A_B,"EB73M,KB74A,FB142A",3,1.4873694948371492,-2.9456335589861373,4.433003053823287
2G2U_A_B,"DA79A,EB73M",2,-2.153489135012935,-4.552037285717576,2.398548150704641
2G2U_A_B,"DA79A,EB73M,KB74A",3,-1.5614937138884588,-4.769275216238775,3.207781502350316
2G2U_A_B,"DA79A,EB73M,FB142A",3,-0.6937606237595525,-4.276333454097618,3.5825728303380657
2G2U_A_B,"DA79A,EB73M,KB74A,FB142A",4,-0.9902481989011716,-4.493571384618817,3.5033231857176457
2WPT_A_B,"NA31V,RA35T",2,-2.5871346469076744,-1.9344767484798504,-0.6526578984278237
2WPT_A_B,"DA30L,NA31V,RA35T",3,-6.333209832293618,-5.336355640390318,-0.9968541919033004
2WPT_A_B,"NA31V,RA35T,RA39E",3,-3.231517368309336,-2.3067304939266067,-0.9247868743827294
2WPT_A_B,"NA31V,RA35T,EA36H,RA39E",4,-2.997607252147313,-2.2685116341337244,-0.7290956180135888
2WPT_A_B,"FB79A,DA30A",2,-0.1321426638082493,0.8181196968092397,-0.9502623606174888
2WPT_A_B,"FB79A,NA31A",2,1.3515967030910885,1.3348761984983453,0.0167205045927432
2WPT_A_B,"FB79A,VA34A",2,3.1113595360932345,5.401570359969007,-2.290210823875773
2WPT_A_B,"DA30A,FB79A",2,-0.1646120921091624,0.8181196968092397,-0.982731788918402
2WPT_A_B,"SB77A,NA31A",2,-0.4370590207117063,-0.3326183979973983,-0.104440622714308
3HFM_HL_Y,"NL31A,KY96A",2,7.468386084513972,11.95141545680153,-4.483029372287558
3HFM_HL_Y,"YL50A,RY21A",2,6.366473125159462,5.46091378097286,0.905559344186602
3HFM_HL_Y,"YL50F,RY21A",2,4.330792520220003,3.258185521136034,1.0726069990839688
3HFM_HL_Y,"YL50F,YY20A",2,6.223660140380948,6.928646372129675,-0.7049862317487277
3HFM_HL_Y,"YL50A,KY96A",2,7.730033604686627,11.294880093775776,-3.5648464890891507
3HFM_HL_Y,"YL50A,KY97A",2,7.319560999446989,10.419001656274071,-3.099440656827084
3HFM_HL_Y,"YH33A,KY97A",2,7.228275002875466,11.896482229779105,-4.668207226903637
3HFM_HL_Y,"WH98F,YY20A",2,6.229019333445615,7.819341140646328,-1.5903218072007128
3HFM_HL_Y,"WH98A,KY96A",2,7.730033604686627,12.247967968063303,-4.517934363376678
3HFM_HL_Y,"DH32A,KY97A",2,4.592440040392658,7.759632996055284,-3.1671929556626264
3HFM_HL_Y,"DH32N,KY97A",2,4.89155059793013,6.031767706430804,-1.140217108500674
3HFM_HL_Y,"DH32A,KY97M",2,1.1234493978886584,2.8451984861170203,-1.721749088228362
3HFM_HL_Y,"DH32N,KY97M",2,0.3025041874093809,1.11733319649254,-0.8148290090831589
3HFM_HL_Y,"YH50A,RY21A",2,7.941251795524486,8.222879306975448,-0.2816275114509627
3HFM_HL_Y,"YL96A,RY21A",2,5.756746105518043,3.6103632154521454,2.146382890065897
3HFM_HL_Y,"YL96F,RY21A",2,4.18196743515302,2.305097646848507,1.8768697883045125
3MZG_A_B,"HA167A,HB188A",2,-0.237157525431118,3.263780167074776,-3.500937692505894
3MZG_A_B,"HA167A,HB188A",2,1.334667588726516,3.263780167074776,-1.92911257834826
3MZG_A_B,"HA167A,HB188A",2,2.8010692956831598,3.263780167074776,-0.4627108713916166
3MZG_A_B,"HA167A,HB188A",2,2.927857694109937,3.263780167074776,-0.3359224729648384
3MZG_A_B,"HA167A,HB188A",2,3.328735704001183,3.263780167074776,0.0649555369264072
3MZG_A_B,"HA167A,HB188A",2,3.4929721507123483,3.263780167074776,0.2291919836375724
3MZG_A_B,"HA167A,HB188A",2,3.4665897571645368,3.263780167074776,0.2028095900897608
3MZG_A_B,"HA167A,HB188A",2,3.391181033132204,3.263780167074776,0.1274008660574281
3MZG_A_B,"HA167A,HB188A",2,3.3723454528678083,3.263780167074776,0.1085652857930323
3S9D_A_B,"RA120A,EB66A",2,3.600861224160897,5.435476170157669,-1.834614945996772
3S9D_A_B,"TB33A,LA8A",2,3.5769590603342576,3.2661114126840625,0.3108476476501951
3S9D_A_B,"TB33A,LA19A",2,3.3932894083190166,2.8352101353869497,0.5580792729320669
3S9D_A_B,"TB33A,FA20A",2,3.0200735395217118,2.440670133370326,0.5794034061513855
3S9D_A_B,"TB33A,LA23A",2,5.958701490586169,5.538581222066977,0.4201202685191916
3S9D_A_B,"TB33A,RA115A",2,4.046431141472861,3.876928668557163,0.1695024729156982
3S9D_A_B,"TB33A,AA116G",2,4.349445614818168,3.834865006003615,0.514580608814553
3S9D_A_B,"TB33A,MA119A",2,4.461986926352455,3.984129809152085,0.4778571172003696
3S9D_A_B,"TB33A,RA120A",2,5.2662497155729975,4.751285236671697,0.5149644789013008
3S9D_A_B,"TB33A,SA123A",2,3.061892330108986,2.85257834928199,0.2093139808269963
3S9D_A_B,"TB33A,LA124A",2,3.31090864410249,3.177299803246038,0.1336088408564522
3S9D_A_B,"IB34A,RA115A",2,4.2692760789941335,3.99824973616918,0.2710263428249537
3S9D_A_B,"IB34A,AA116G",2,4.472024230916105,3.956186073615633,0.5158381573004727
3S9D_A_B,"IB34A,MA119A",2,4.233155934187034,4.105450876764103,0.1277050574229319
3S9D_A_B,"IB34A,RA120A",2,4.999519015760388,4.872606304283714,0.1269127114766739
3S9D_A_B,"IB34A,SA123A",2,3.00545090048572,2.9738994168940067,0.0315514835917132
3S9D_A_B,"IB34A,LA124A",2,3.5597930238653044,3.2986208708580547,0.2611721530072497
3S9D_A_B,"WB87A,RA5A",2,2.339874342116886,1.733347658257545,0.6065266838593408
3S9D_A_B,"WB87A,LA8A",2,3.075200458523096,2.6474706376785,0.4277298208445956
3S9D_A_B,"WB87A,MA119A",2,3.8446186807953815,3.365489034146523,0.4791296466488584
3S9D_A_B,"WB87A,SA123A",2,2.7503469473565243,2.233937574276428,0.5164093730800969
3S9D_A_B,"WB87A,LA124A",2,2.9430577947148464,2.5586590282404758,0.3843987664743711
3S9D_A_B,"IB90A,LA8A",2,3.7387997636627,3.152126250570687,0.5866735130920131
3S9D_A_B,"IB90A,LA19A",2,3.0343437912863696,2.7212249732735745,0.313118818012795
3S9D_A_B,"IB90A,FA20A",2,2.8150133257539447,2.32668497125695,0.4883283544969945
3S9D_A_B,"IB90A,LA23A",2,5.447092694956381,5.424596059953602,0.0224966350027786
3S9D_A_B,"IB90A,RA115A",2,3.5238919235556168,3.7629435064437873,-0.2390515828881705
3S9D_A_B,"IB90A,MA119A",2,4.0335289580919325,3.87014464703871,0.1633843110532225
3S9D_A_B,"IB90A,RA120A",2,4.906272839487927,4.637300074558321,0.2689727649296056
3S9D_A_B,"IB90A,SA123A",2,3.2553504164207143,2.7385931871686147,0.5167572292520997
3S9D_A_B,"IB90A,LA124A",2,3.3452479321873283,3.0633146411326626,0.2819332910546657
3S9D_A_B,"DB91A,LA19A",2,2.9430577947148464,2.442136648762712,0.5009211459521343
3S9D_A_B,"DB91A,FA20A",2,2.383760104408224,2.047596646746088,0.3361634576621362
3S9D_A_B,"DB91A,RA115A",2,3.670657226399857,3.483855181932925,0.186802044466932
3S9D_A_B,"DB91A,SA123A",2,2.6777434715449155,2.4595048626577523,0.2182386088871633
3S9D_A_B,"DB91A,LA124A",2,3.0200735395217118,2.7842263166218,0.2358472228999111
3S9D_A_B,"MB35V,LA8A",2,4.425452809636152,3.9096818815888135,0.5157709280473384
3S9D_A_B,"MB35V,LA19A",2,4.314786497426582,3.4787806042917007,0.8360058931348817
3S9D_A_B,"MB35V,LA23A",2,7.1107549781032064,6.182151690971728,0.9286032871314784
3S9D_A_B,"MB35V,RA115A",2,3.703434821644051,4.520499137461913,-0.8170643158178619
3S9D_A_B,"MB35V,AA116G",2,5.29792500832242,4.478435474908366,0.8194895334140542
3S9D_A_B,"MB35V,MA119A",2,5.454241918108662,4.627700278056836,0.8265416400518255
3S9D_A_B,"MB35V,RA120A",2,6.063968937750081,5.394855705576447,0.6691132321736344
3S9D_A_B,"MB35V,SA123A",2,4.07871766214542,3.4961488181867404,0.5825688439586791
3S9D_A_B,"MB35V,LA124A",2,4.531173836564131,3.820870272150788,0.7103035644133424
3S9D_A_B,"EB66A,LA8A",2,4.090681438581496,3.9503023461700346,0.1403790924114609
3S9D_A_B,"EB66A,LA23A",2,6.055448117477392,6.222772155552949,-0.1673240380755567
3S9D_A_B,"EB66A,RA115A",2,4.656522695931578,4.561119602043135,0.0954030938884429
3S9D_A_B,"EB66A,AA116G",2,5.039012766878827,4.519055939489588,0.5199568273892385
3S9D_A_B,"EB66A,MA119A",2,4.978738399654305,4.668320742638057,0.3104176570162478
3S9D_A_B,"EB66A,RA120A",2,3.6308313458324415,5.435476170157669,-1.8046448243252264
3S9D_A_B,"EB66A,SA123A",2,3.5421144933860007,3.5367692827679624,0.0053452106180382
3S9D_A_B,"EB66A,LA124A",2,3.768101200041471,3.8614907367320095,-0.0933895366905392
3S9D_A_B,"HB65A,RA5A",2,2.213398580807092,1.4449821402044365,0.7684164406026555
3S9D_A_B,"HB65A,LA8A",2,4.014980204396513,2.3591051196253914,1.6558750847711212
3S9D_A_B,"HB65A,LA19A",2,3.0551244073924515,1.9282038423282784,1.126920565064173
3S9D_A_B,"HB65A,RA120A",2,3.8446186807953815,3.844278943613025,0.0003397371823563
3S9D_A_B,"HB65A,SA123A",2,1.1351762522203548,1.9455720562233187,-0.810395804002964
3S9D_A_B,"HB65A,LA124A",2,2.938102227787808,2.2702935101873667,0.6678087176004412
3SGB_E_I,"TI11K,LI12R",2,5.2337001812522645,5.327697169582933,-0.0939969883306686
3SGB_E_I,"TI11R,LI12R",2,5.4750998079324855,5.26567435164039,0.2094254562920952
3SGB_E_I,"AI9R,LI12R",2,5.084928526985535,5.327697169582933,-0.2427686425973982
3SGB_E_I,"AI9R,TI11K,LI12R",3,6.686231355103385,7.335119914943947,-0.6488885598405618
3SGB_E_I,"AI9R,TI11P,LI12R",3,8.464058845047692,8.465655530504414,-0.0015966854567217
3SGB_E_I,"PI8S,AI9R,TI11P,LI12R",4,8.115596310921067,8.530465961006557,-0.4148696500854907
3SGB_E_I,"KI7R,AI9R,TI11K,LI12R",4,5.515607768871703,6.652027351707734,-1.136419582836031
3SGB_E_I,"KI7R,PI8F,AI9R,TI11K,LI12R",5,5.6565038008344,6.311874876369429,-0.6553710755350295
3SGB_E_I,"AI9R,TI11K,LI12R,RI15L",4,6.885497369952812,7.559916124728192,-0.6744187547753802
3SGB_E_I,"PI8S,AI9L,TI11K,LI12R",4,4.905844887766094,5.558948158659524,-0.6531032708934301
3SGB_E_I,"AI9R,TI11K,LI12R,EI13S",4,7.094951431294281,9.251781033657457,-2.1568296023631754
3SGB_E_I,"NI22S,GI26A",2,1.3116715126547385,1.2852610433757892,0.0264104692789493
3SGB_E_I,"AI9D,GI26A",2,1.066076263088672,1.7453238297057008,-0.6792475666170288
3SGB_E_I,"TI11M,LI12S,GI26V",3,6.8140129320651575,8.896111130995926,-2.082098198930769
3SGB_E_I,"AI9T,LI12M",2,0.4697733363425923,0.7734816275359297,-0.3037082911933375
3SGB_E_I,"LI12I,GI26D",2,5.7643833961314215,6.021585581353373,-0.2572021852219519
3SGB_E_I,"AI9D,LI12A,YI14D",3,5.688542522954515,6.226158808196828,-0.5376162852423132
3SGB_E_I,"LI12M,YI14Q",2,3.724125554320589,3.6825569909731617,0.0415685633474276
3SGB_E_I,"LI12M,GI26D",2,2.2436099139945456,2.049459129266105,0.1941507847284405
3SGB_E_I,"AI9D,LI12A",2,2.5833429864599458,3.4012878424429167,-0.817944855982971
3SGB_E_I,"TI11P,LI12K,GI26D",3,6.452346717881264,7.878376561363526,-1.4260298434822616
3SGB_E_I,"TI11P,LI12K",2,6.232677331618775,6.275916721842961,-0.0432393902241861
3SGB_E_I,"AI9V,TI11S",2,1.5854005844822467,1.7557047425636187,-0.170304158081372
3SGB_E_I,"AI9R,LI12R",2,5.069383208619202,5.327697169582933,-0.258313960963731
3SGB_E_I,"AI9R,TI11P,LI12R",3,8.43421555452192,8.465655530504414,-0.0314399759824937
3SGB_E_I,"PI8S,AI9R,TI11P,LI12R",4,8.090808263099715,8.530465961006557,-0.439657697906842
3SGB_E_I,"KI7T,PI8E,AI9Y",3,-3.817352390001162,-4.161191687664109,0.3438392976629472
3SGB_E_I,"KI7T,PI8E,AI9Y,LI12G,RI15M,GI26P,NI30V",7,1.827791434512701,1.7418495680795891,0.0859418664331119
3SGB_E_I,"KI7S,PI8D,AI9Y",3,-4.0942192758751,-5.194935636435035,1.100716360559935
3SGB_E_I,"KI7S,PI8D,AI9Y,LI12G,EI13I,RI15K",6,0.0946099128447145,-1.1494984118565543,1.2441083247012688
4G0N_A_B,"TB15A,IA21A",2,2.200238502977052,2.72848529599088,-0.5282467930138277
4G0N_A_B,"VB16A,IA21A",2,1.602701723735008,2.065765348140727,-0.4630636244057193
4G0N_A_B,"VB35A,IA21A",2,0.3003212380186453,0.8964381216483135,-0.5961168836296682
4G0N_A_B,"VB35A,HA27A",2,0.1989232128945741,-0.3039395475182727,0.5028627604128468
4G0N_A_B,"RB6A,EA31A",2,2.200238502977052,3.1030730683379257,-0.9028345653608736
4G0N_A_B,"TB15A,EA31A",2,1.602701723735008,2.772958013712951,-1.170256289977943
4G0N_A_B,"KB31A,EA31A",2,2.100273959902132,3.551451619762071,-1.451177659859939
4G0N_A_B,"RB6A,DA33A",2,2.5998927855293723,3.0530461463317504,-0.4531533608023781
4G0N_A_B,"KB31A,DA33A",2,2.7002905917243067,3.501424697755896,-0.8011341060315891
4G0N_A_B,"RB6A,IA36A",2,4.398665371451632,3.9591798549319126,0.4394855165197198
4G0N_A_B,"TB15A,IA36A",2,3.099976233935044,3.6290648003069377,-0.5290885663718936
4G0N_A_B,"VB16A,IA36A",2,2.7002905917243067,2.966344852456785,-0.2660542607324787
4G0N_A_B,"RB6A,EA37A",2,2.4004633069623025,3.9591798549319126,-1.55871654796961
4G0N_A_B,"TB15A,EA37A",2,2.8999824515925026,3.6290648003069377,-0.7290823487144351
4G0N_A_B,"VB16A,EA37A",2,2.8000394625412146,2.966344852456785,-0.1663053899155708
4G0N_A_B,"KB31A,EA37A",2,3.499639107088185,4.407558406356058,-0.9079192992678728
4G0N_A_B,"RB6A,DA38A",2,4.598804626644794,5.075587835216755,-0.4767832085719607
4G0N_A_B,"TB15A,DA38A",2,3.099976233935044,4.74547278059178,-1.645496546656736
4G0N_A_B,"QB13A,SA39A",2,2.100273959902132,2.542669464006117,-0.4423955041039851
4G0N_A_B,"RB14A,SA39A",2,2.300547512151675,2.241550468032938,0.0589970441187372
4G0N_A_B,"TB15A,SA39A",2,2.00138323941423,2.128744393419691,-0.1273611540054608
4G0N_A_B,"NB11A,RA41A",2,-0.5998166412505171,0.3268923132811716,-0.9267089545316888
4G0N_A_B,"QB13A,RA41A",2,1.3001632943431576,1.888603706145742,-0.5884404118025846
4G0N_A_B,"NB11A,VA45A",2,0.0,0.3803213045461492,-0.3803213045461492
4G0N_A_B,"QB13A,VA45A",2,1.602701723735008,1.94203269741072,-0.3393309736757119
4G0N_A_B,"RB14A,VA45A",2,1.8006416449058924,1.640913701437541,0.1597279434683514
4G0N_A_B,"TB15A,VA45A",2,1.1002133259404323,1.5281076268242937,-0.4278943008838609
4G0N_A_B,"FB8W,NB18R",2,-0.2875113159186923,-0.0948004685603707,-0.1927108473583215
4G0N_A_B,"FB8W,NB18R,VB35I",3,0.3630723709594533,0.4568559958305983,-0.093783624871145
4G0N_A_B,"NB18R,AB32K",2,-1.2788180499991015,-1.8064404475563007,0.5276223975571992
4G0N_A_B,"TA35A,NB18R",2,2.098886595933375,1.964191433630536,0.1346951623028389
4G0N_A_B,"TA35A,AB32K",2,2.577644761451164,1.5537188283908974,1.0239259330602664
4G0N_A_B,"TA35A,NB18R,AB32K",3,1.9667439321251257,0.8557349072325662,1.1110090248925597
4G0N_A_B,"RB6A,NB11D",2,3.4196754937274174,3.966698494249358,-0.5470230005219405
4NKQ_C_AB,"RB80A,NB81A,YB82A",3,-0.3313970782100301,-0.1554945030993429,-0.1759025751106872
4NKQ_C_AB,"DB87A,TB88A,KB89A",3,0.3534265948675862,0.8631322475715291,-0.5097056527039429
4NKQ_C_AB,"KB90A,IB91A,EB92A",3,-0.7010130162129429,-0.6026172604807561,-0.0983957557321867
4NKQ_C_AB,"RB80D,KB90D",2,1.3131311501923684,-0.2766059611977969,1.5897371113901653
4NKQ_C_AB,"DC99K,RB80D",2,0.1763736238896009,-0.4087486250060461,0.585122248895647
4NKQ_C_AB,"DC99K,DB87R",2,0.8148714465481223,-0.1286997076448615,0.9435711541929838
4NKQ_C_AB,"DC99K,KB90D",2,-0.5017586018111618,-0.5306514926118111,0.0288928908006492
4NKQ_C_AB,"DC99K,RB80D,KB90D",3,0.5353192409222483,-0.6080030394078271,1.143322280330075
5M2O_A_B,"VB21A,QB25A",2,3.427392717841423,3.707520314128333,-0.2801275962869094
5M2O_A_B,"EA80A,HA117A",2,2.613705113372529,1.6352735740581703,0.9784315393143586
5M2O_A_B,"NA71A,HA117A",2,2.362499093838887,1.072228107341382,1.290270986497505
5M2O_A_B,"NA71A,NA120A",2,2.540856998448592,0.6247567231103114,1.9161002753382808
5M2O_A_B,"NA71A,EA80A",2,1.0629941976641823,0.8829866912409101,0.1800075064232722
5M2O_A_B,"EA80A,HA117A",2,2.613705113372529,1.6352735740581703,0.9784315393143586
5M2O_A_B,"EA80A,NA120A",2,1.2510432029997285,1.1878021898270998,0.0632410131726284
5M2O_A_B,"HA117A,NA120A",2,2.416389236406243,1.3770436059275717,1.0393456304786717
5XCO_A_B,"DA13C,PB6A",2,2.408884128925016,1.889418560976721,0.5194655679482949
5XCO_A_B,"DA13C,LB7A",2,2.79613074586246,3.557632728610843,-0.7615019827483831
5XCO_A_B,"DA13C,YB8A",2,2.617820286911887,2.174439949784964,0.4433803371269236
5XCO_A_B,"DA13C,IB9A",2,2.79613074586246,3.6070102161202575,-0.8108794702577984
5XCO_A_B,"DA13C,SB10A",2,2.463251346998604,2.096314201294155,0.366937145704449
5XCO_A_B,"DA13C,YB11A",2,2.79613074586246,2.710363771455998,0.0857669744064621
5XCO_A_B,"DA13C,DB12A",2,2.79613074586246,3.6070102161202575,-0.8108794702577984
5XCO_A_B,"DA13C,PB13A",2,1.7468013080763718,1.4457305144160095,0.3010707936603622
5XCO_A_B,"DA13C,VB14A",2,0.8595797858329316,0.8108794702577983,0.0487003155751333
5XCO_A_B,"DA13G,PB6A",2,2.452769891216353,2.188529118514192,0.2642407727021609
5XCO_A_B,"DA13G,LB7A",2,2.79613074586246,3.856743286148314,-1.0606125402858546
5XCO_A_B,"DA13G,YB8A",2,2.740281207135045,2.473550507322435,0.2667306998126104
5XCO_A_B,"DA13G,IB9A",2,2.79613074586246,3.90612077365773,-1.10999002779527
5XCO_A_B,"DA13G,SB10A",2,2.7901790697148523,2.395424758831627,0.3947543108832252
5XCO_A_B,"DA13G,YB11A",2,2.79613074586246,3.00947432899347,-0.2133435831310097
5XCO_A_B,"DA13G,DB12A",2,2.79613074586246,3.90612077365773,-1.10999002779527
5XCO_A_B,"DA13G,PB13A",2,2.121372813006323,1.744841071953481,0.3765317410528421
5XCO_A_B,"DA13G,VB14A",2,1.322228351171361,1.10999002779527,0.2122383233760911
