pdb,muts,ddg_A,ddg_B,ddg_AB,epistasis,type
1A22_A_B,"SB57A,SB61A",-0.1683355559397859,0.0208354357104412,-0.5693349948702728,-0.4218348746409281,magnitude
1A22_A_B,"EB79A,KB80A",-0.2022038638657905,0.0794209491918277,-0.3446062531955525,-0.2218233385215896,additive
1A22_A_B,"RB172A,NB173A",0.2610248644812859,0.2869129596658659,0.9021939024871504,0.3542560783399984,magnitude
1A22_A_B,"YA42A,QA46A",0.1992544144017809,0.1079684178302577,0.2732027510306097,-0.0340200812014289,additive
1A22_A_B,"YA42A,QA46A",0.1992544144017809,0.1079684178302577,0.3061372466081347,-0.0010855856239039,additive
1A22_A_B,"KA157A,EA163A",-0.0523514964291768,-0.9096300770343624,-0.7694182222722858,0.1925633511912534,additive
1A22_A_B,"RA64A,DA160A",1.7211614873853496,0.973933927320574,3.32126321630921,0.6261678016032866,magnitude
1A22_A_B,"KA161A,FA165A",1.778355692864936,1.0239963120664994,3.779136055829034,0.9767840508975985,magnitude
1A4Y_A_B,"YA434A,DA435A",3.260554853614916,3.4839835139946884,6.817802397635827,0.0732640300262224,additive
1A4Y_A_B,"YA434A,YA437A",3.260554853614916,0.835938081969966,6.64235769439474,2.545864758809857,magnitude
1A4Y_A_B,"RB5A,YA434A",2.3082484003231145,3.260554853614916,6.976664787266461,1.4078615333284308,magnitude
1A4Y_A_B,"RB5A,DA435A",2.3082484003231145,3.4839835139946884,6.770402163355642,0.9781702490378388,magnitude
1A4Y_A_B,"KB40G,YA434F",3.235351612083492,0.5576081405385767,6.662433745525384,2.8694739929033157,magnitude
1A4Y_A_B,"KB40G,DA435A",3.235351612083492,3.4839835139946884,4.105674310072185,-2.613660816005994,magnitude
1A4Y_A_B,"KB40G,YA437A",3.235351612083492,0.835938081969966,6.451215554687527,2.379925860634068,magnitude
1AO7_ABC_DE,"DD26A,EA58A",0.9785622015604662,-0.4873121564108373,0.7492605661817169,0.258010521032088,additive
1AO7_ABC_DE,"RD27A,RA170A",0.4902415054803076,-0.0766187190478271,1.1859770762750417,0.7723542898425609,magnitude
1AO7_ABC_DE,"QD30L,LC1A",1.6847025887163714,0.938613221366932,2.7614602471391687,0.1381444370558653,additive
1AO7_ABC_DE,"QD30L,LC1A",1.6847025887163714,0.938613221366932,3.022803247099988,0.3994874370166847,magnitude
1AO7_ABC_DE,"QD30V,LC1A",-0.0920765369291559,0.938613221366932,0.7233876757902749,-0.1231490086475013,additive
1AO7_ABC_DE,"QD30V,YA159A",-0.0920765369291559,3.2438826990284886,3.3287852656024173,0.1769791035030845,additive
1AO7_ABC_DE,"SD31A,YC5A",0.8457733992995147,1.585452334623821,1.7087260591321858,-0.7224996747911501,magnitude
1AO7_ABC_DE,"SD31A,YC5F",0.8457733992995147,0.0838111406809208,-0.0405275831537921,-0.9701121231342276,magnitude
1AO7_ABC_DE,"YD50A,QA155A",0.4909194704623217,0.2315217754226976,0.2760121819481947,-0.4464290639368246,magnitude
1AO7_ABC_DE,"YD50A,QA155A",0.4909194704623217,0.2315217754226976,-0.1120666126776052,-0.8345078585626247,sign
1AO7_ABC_DE,"ND52A,EA166A",0.3547605339462765,2.199099089753447,3.1417492781343204,0.5878896544345968,magnitude
1AO7_ABC_DE,"KD66A,TA163A",1.210993435749684,0.5813098544924986,0.97766346680206,-0.8146398234401228,magnitude
1AO7_ABC_DE,"KD66A,EA166A",1.210993435749684,2.199099089753447,3.03240537125116,-0.3776871542519711,magnitude
1AO7_ABC_DE,"TD91A,YC5A",0.9571860691348744,1.585452334623821,3.029625146463712,0.4869867427050165,magnitude
1AO7_ABC_DE,"TD92A,RA65A",1.945784392605916,3.04214945476587,2.4223863102811736,-2.5655475370906125,sign
1AO7_ABC_DE,"DD93N,RA65A",2.45842028331425,3.04214945476587,3.082969589167345,-2.417600148912775,magnitude
1AO7_ABC_DE,"SD94A,YC5A",-0.2374884480528667,1.585452334623821,1.8601788011884943,0.5122149146175403,magnitude
1AO7_ABC_DE,"WD95A,AA69G",2.2234749077027227,1.366188379851658,2.9041580496662167,-0.6855052378881643,magnitude
1AO7_ABC_DE,"EE28A,YC8A",2.021244038601941,3.1661152944481845,3.4239049065659954,-1.7634544264841296,magnitude
1AO7_ABC_DE,"RE92A,YC5A",0.3898166489808053,1.585452334623821,2.01817952642932,0.0429105428246936,additive
1AO7_ABC_DE,"RE92A,YC5A",0.3898166489808053,1.585452334623821,1.0458357002658971,-0.9294332833387292,sign
1AO7_ABC_DE,"RE92A,YC5A",0.3898166489808053,1.585452334623821,1.718991624570965,-0.2562773590336611,additive
1AO7_ABC_DE,"RE92A,YC5F",0.3898166489808053,0.0838111406809208,0.6057087732351214,0.1320809835733952,additive
1AO7_ABC_DE,"PE100A,YC5A",1.157227296611078,1.585452334623821,2.404968962156688,-0.337710669078211,magnitude
1AO7_ABC_DE,"PE100A,YC5A",1.157227296611078,1.585452334623821,1.924035799203524,-0.8186438320313751,magnitude
1AO7_ABC_DE,"PE100A,YC5A",1.157227296611078,1.585452334623821,2.446368982377513,-0.2963106488573857,additive
1AO7_ABC_DE,"PE100A,QA155A",1.157227296611078,0.2315217754226976,0.9299444149788464,-0.4588046570549291,magnitude
1AO7_ABC_DE,"DD93A,QA72A",0.7792773788405188,0.1868724973959985,1.0603681028573009,0.0942182266207832,additive
1AO7_ABC_DE,"RE99A,YC5A",0.0646663783974199,1.585452334623821,1.885099260970436,0.2349805479491948,additive
1AO7_ABC_DE,"GD28I,SD94A",-0.2794589919011421,-0.2374884480528667,-0.3829240664170216,0.1340233735369871,additive
1AO7_ABC_DE,"GD28I,SD94T",-0.2794589919011421,-0.4932659815809552,-0.8992155887893418,-0.1264906153072444,additive
1AO7_ABC_DE,"GD28L,SD94A",-0.4666321082724813,-0.2374884480528667,-0.5083752828484174,0.1957452734769306,additive
1AO7_ABC_DE,"GD28L,SD94T",-0.4666321082724813,-0.4932659815809552,-1.0281485602304994,-0.0682504703770627,additive
1AO7_ABC_DE,"GD28M,SD94A",-0.5184410230698965,-0.2374884480528667,-0.8042627892205427,-0.0483333180977795,additive
1AO7_ABC_DE,"GD28M,SD94T",-0.5184410230698965,-0.4932659815809552,-1.746484545944187,-0.7347775412933353,magnitude
1AO7_ABC_DE,"GE98A,RE99Q",-1.0905416660013734,0.4104726052396387,-1.562814893928946,-0.8827458331672114,sign
1AO7_ABC_DE,"AE96M,GE97S",-0.3103422655540497,-0.3263512127122491,-1.04437387085905,-0.4076803925927511,magnitude
1AO7_ABC_DE,"KD97P,RE99P",-0.267659620461124,-1.940816429554004,-1.2207474947486507,0.9877285552664774,magnitude
1B2S_A_D,"AA27K,AD43T",-3.864564681021363,-0.3428222581633227,-5.721362942087001,-1.5139760029023153,magnitude
1B2U_A_D,"AA27K,AD36D",-5.043769312869023,-4.166382672766479,-9.544923356690155,-0.3347713710546554,magnitude
1B3S_A_D,"AA102H,FD30Y",-5.67936012825648,0.5958270003314589,-5.547217464448231,-0.4636843365232099,magnitude
1B41_A_B,"TB8V,TB9I",1.135916948742186,0.0246780203954423,0.3945097305967706,-0.7660852385408576,magnitude
1B41_A_B,"TB8V,TB9N",1.135916948742186,3.609355772377951,2.426713010265693,-2.318559710854444,sign
1BD2_ABC_DE,"EE28A,YC8A",2.833869630228847,2.7591388533707297,3.964901549022751,-1.6281069345768255,magnitude
1BD2_ABC_DE,"ED93A,RA65A",1.3151018235317986,2.498114359864695,3.1138597696505257,-0.699356413745968,magnitude
1BD2_ABC_DE,"DD30N,YC5A",1.936552565128425,3.3405205599842125,1.4763406563253294,-3.800732468787308,reciprocal-sign
1BD2_ABC_DE,"DD30N,YC5F",1.936552565128425,0.739727920203045,2.498601698844872,-0.1776787864865983,additive
1BD2_ABC_DE,"YE99A,YC5F",0.3078409430506372,0.739727920203045,0.8944642706906131,-0.1531045925630693,additive
1BD2_ABC_DE,"YE99A,YC5A",0.3078409430506372,3.3405205599842125,2.6857888306985265,-0.9625726723363232,sign
1BJ1_HL_VW,"HH101Y,SH105T",-1.5835955100350283,-0.3903965541089947,-1.3434844283965213,0.6305076357475019,magnitude
1BJ1_HL_VW,"TH28D,NH31H",-0.220035030507863,-0.762650299555751,-0.6929007415183757,0.2897845885452383,additive
1BP3_A_B,"KA164A,EA170A",1.7273800894400244,1.8309931317557369,5.405541602533528,1.8471683813377675,magnitude
1BP3_A_B,"RA64A,DA167A",0.3540311756163724,0.0677522988355417,0.37845471092324,-0.043328763528674,additive
1BP3_A_B,"KA168A,FA172A",2.6052654528378807,1.9270742678784605,5.352474465754887,0.8201347450385459,magnitude
1BRS_A_D,"KA25A,YD29A",5.123759613700451,3.468990642504,8.62072837320328,0.0279781169988293,additive
1BRS_A_D,"KA25A,DD35A",5.123759613700451,4.2844841432362575,9.544923356690155,0.1366795997534478,additive
1BRS_A_D,"KA25A,WD38F",5.123759613700451,1.6418904209585548,5.110881063462555,-1.6547689711964502,magnitude
1BRS_A_D,"KA25A,DD39A",5.123759613700451,6.790015634984476,8.274338423502561,-3.639436825182367,magnitude
1BRS_A_D,"KA25A,TD42A",5.123759613700451,1.8567982610656384,5.721362942087001,-1.2591949326790877,magnitude
1BRS_A_D,"KA25A,ED74A",5.123759613700451,1.0933722920682238,6.693016186094079,0.4758842803254044,magnitude
1BRS_A_D,"KA25A,ED78A",5.123759613700451,0.4765439371437633,5.510683347731928,-0.0896202031122861,additive
1BRS_A_D,"RA57A,YD29A",4.986518584221182,3.468990642504,8.118969771392118,-0.3365394553330638,magnitude
1BRS_A_D,"RA57A,DD35A",4.986518584221182,4.2844841432362575,6.3316285582112055,-2.939374169246234,magnitude
1BRS_A_D,"RA57A,WD38F",4.986518584221182,1.6418904209585548,6.275187128587938,-0.3532218765917987,magnitude
1BRS_A_D,"RA57A,TD42A",4.986518584221182,1.8567982610656384,6.817802397635827,-0.0255144476509929,additive
1BRS_A_D,"RA57A,ED74A",4.986518584221182,1.0933722920682238,4.96806807868404,-1.1118227976053658,magnitude
1BRS_A_D,"RA57A,ED78A",4.986518584221182,0.4765439371437633,5.199137964979466,-0.2639245563854793,additive
1BRS_A_D,"RA81Q,YD29A",5.417600121277142,3.468990642504,8.28933129499325,-0.5972594687878914,magnitude
1BRS_A_D,"RA81Q,DD35A",5.417600121277142,4.2844841432362575,9.601364786313423,-0.1007194781999736,additive
1BRS_A_D,"RA81Q,WD38F",5.417600121277142,1.6418904209585548,6.755409291864953,-0.3040812503707437,magnitude
1BRS_A_D,"RA81Q,DD39A",5.417600121277142,6.790015634984476,6.436222683196838,-5.77139307306478,sign
1BRS_A_D,"RA81Q,TD42A",5.417600121277142,1.8567982610656384,6.104825604986807,-1.169572777355973,magnitude
1BRS_A_D,"RA81Q,ED74A",5.417600121277142,1.0933722920682238,6.718067096617075,0.2070946832717091,additive
1BRS_A_D,"RA81Q,ED78A",5.417600121277142,0.4765439371437633,5.761464750340701,-0.1326793080802044,additive
1BRS_A_D,"RA85A,YD29A",5.755833644407641,3.468990642504,8.049220213354744,-1.1756040735568971,magnitude
1BRS_A_D,"RA85A,WD38F",5.755833644407641,1.6418904209585548,7.03783742814369,-0.3598866372225062,magnitude
1BRS_A_D,"RA85A,DD39A",5.755833644407641,6.790015634984476,7.182107207733142,-5.363742071658975,magnitude
1BRS_A_D,"RA85A,TD42A",5.755833644407641,1.8567982610656384,7.017056812037607,-0.5955750934356718,magnitude
1BRS_A_D,"RA85A,ED74A",5.755833644407641,1.0933722920682238,6.863377709695211,0.0141717732193455,additive
1BRS_A_D,"RA85A,ED78A",5.755833644407641,0.4765439371437633,6.124243304974603,-0.1081342765768011,additive
1BRS_A_D,"HA100A,YD29A",6.34443617015199,3.468990642504,6.304080019388588,-3.5093467932674027,magnitude
1BRS_A_D,"HA100A,YD29F",6.34443617015199,-0.1321426638082492,5.547217464448231,-0.6650760418955102,magnitude
1BRS_A_D,"HA100A,WD38F",6.34443617015199,1.6418904209585548,7.638747608115104,-0.347578982995441,magnitude
1BRS_A_D,"HA100A,DD39A",6.34443617015199,6.790015634984476,8.98731521615158,-4.1471365889848855,magnitude
1BRS_A_D,"HA100A,TD42A",6.34443617015199,1.8567982610656384,8.131985389653577,-0.0692490415640509,additive
1BRS_A_D,"HA100A,ED74A",6.34443617015199,1.0933722920682238,7.559672081085496,0.121863618865281,additive
1BRS_A_D,"HA100A,ED78A",6.34443617015199,0.4765439371437633,6.742101163450844,-0.0788789438449093,additive
1BRS_A_D,"RA57A,DD39A",4.986518584221182,6.790015634984476,11.356249285749188,-0.42028493345647,magnitude
1BRS_A_D,"EA71Q,DD39A",1.4514528462267793,6.790015634984476,7.204100756897474,-1.037367724313781,magnitude
1BRS_A_D,"EA71Q,ED74A",1.4514528462267793,1.0933722920682238,3.5254320721272663,0.9806069338322628,magnitude
1BRS_A_D,"EA71W,DD39A",1.656513059994546,6.790015634984476,6.662256062834048,-1.7842726321449751,magnitude
1BRS_A_D,"EA71W,DD35A",1.656513059994546,4.2844841432362575,5.709937762133709,-0.2310594410970941,additive
1BRS_A_D,"EA71W,ED74A",1.656513059994546,1.0933722920682238,3.548066169533608,0.798180817470838,magnitude
1BRS_A_D,"EA71F,DD39A",2.234179196913174,6.790015634984476,7.468386084513972,-1.5558087473836766,magnitude
1BRS_A_D,"EA71F,DD35A",2.234179196913174,4.2844841432362575,6.4073297923961885,-0.1113335477532428,additive
1BRS_A_D,"EA71A,DD39A",2.3518419697426114,6.790015634984476,7.182107207733142,-1.9597503969939456,magnitude
1BRS_A_D,"EA71A,DD35A",2.3518419697426114,4.2844841432362575,6.437349585139184,-0.1989765278396849,additive
1BRS_A_D,"HA100Q,RA57K",4.54855427810132,2.487009877415824,6.909088394207351,-0.1264757613097931,additive
1BRS_A_D,"HA100Q,RA57A",4.54855427810132,4.986518584221182,9.30481227505165,-0.23026058727085,additive
1C1Y_A_B,"RB5A,NB10D",1.9061757485750528,1.4756270922047707,2.751295205032322,-0.6305076357475019,magnitude
1CHO_EFG_I,"TI14K,LI15R",4.035772962895838,3.951056239901541,7.368542353178107,-0.6182868496192722,magnitude
1CHO_EFG_I,"TI14R,LI15R",3.830239090419633,3.951056239901541,7.126392621466586,-0.6549027088545891,magnitude
1CHO_EFG_I,"AI12R,LI15R",0.4620586667238237,3.951056239901541,4.908160887200117,0.4950459805747513,magnitude
1CHO_EFG_I,"NI25S,GI29A",0.0,-0.918804553901041,-0.8489660516385791,0.0698385022624619,additive
1CHO_EFG_I,"AI12D,GI29A",0.0,-0.918804553901041,-0.8537353677238616,0.0650691861771793,additive
1CHO_EFG_I,"AI12T,LI15M",0.9556414688575532,0.3474749367055842,0.910677905953329,-0.3924384996098085,magnitude
1CHO_EFG_I,"LI15M,YI17Q",0.3474749367055842,3.110824934837064,3.4708242777732887,0.0125244062306406,additive
1CHO_EFG_I,"LI15M,GI29D",0.3474749367055842,3.06586137193284,3.372427705627272,-0.0409086030111525,additive
1CHO_EFG_I,"AI12D,LI15A",0.0,4.781941707925524,4.760982051582438,-0.020959656343086,additive
1CHO_EFG_I,"TI14P,LI15K",4.174522958114305,4.312712226008615,8.250078388681615,-0.2371567954413045,additive
1CHO_EFG_I,"AI12V,TI14S",0.9254863272057464,2.3179583781944846,3.5600497365450083,0.3166050311447774,magnitude
1CHO_EFG_I,"TI14K,LI15R",4.035772962895838,3.951056239901541,7.232003271605945,-0.7548259311914345,magnitude
1CHO_EFG_I,"TI14R,LI15R",3.830239090419633,3.951056239901541,7.101634334828679,-0.6796609954924957,magnitude
1CHO_EFG_I,"AI12R,LI15R",0.4620586667238237,3.951056239901541,4.838996162141851,0.4258812555164857,magnitude
1DAN_HL_UT,"TT55A,FU50A",2.312600337454956,1.7478207341908782,4.497237923605196,0.436816851959362,magnitude
1DAN_HL_UT,"TT55A,KT15A",2.312600337454956,2.5121304566379488,3.176240214970681,-1.6484905791222229,magnitude
1DAN_HL_UT,"DT39A,WT40A",1.4378559792693546,1.9648733998688288,1.5672020150969113,-1.835527364041272,sign
1DAN_HL_UT,"DT39A,FU50A",1.4378559792693546,1.7478207341908782,3.299611633165917,0.1139349197056844,additive
1DAN_HL_UT,"DT39A,KT15A",1.4378559792693546,2.5121304566379488,4.155289802938624,0.2053033670313206,additive
1DAN_HL_UT,"DT39A,DT53A",1.4378559792693546,1.9886064505402288,4.011521981298148,0.5850595514885644,magnitude
1DAN_HL_UT,"DT39A,TT55A",1.4378559792693546,2.312600337454956,4.324797857718529,0.5743415409942187,magnitude
1DAN_HL_UT,"TU103A,VU104A",0.1097933400510592,0.1097933400510592,-0.1489624355934026,-0.368549115695521,magnitude
1DAN_HL_UT,"SU101A,RU102A",-0.0028910722613055,0.460398160156985,0.6382797461353424,0.1807726582396629,additive
1DAN_HL_UT,"NU17A,QU20A",0.0,1.3048801557738938,0.4143055428408938,-0.890574612933,magnitude
1DAN_HL_UT,"KT63A,QT64A",-0.0703507019241411,0.0,-0.206022337118316,-0.1356716351941748,additive
1DAN_HL_UT,"DT56A,ET57A",0.2419360038593085,0.0,0.3044237572976232,0.0624877534383147,additive
1DAN_HL_UT,"KT41A,KT43A",0.5630639171251798,0.6858376481040593,1.135345876547289,-0.1135556886819499,additive
1DAN_HL_UT,"KT36A,DT39A",0.3214255027981206,1.4378559792693546,1.5707272055861157,-0.1885542764813594,additive
1DQJ_AB_C,"NA32A,KC96A",4.090681438581496,6.155819811518635,5.801847857542594,-4.444653392557537,sign
1DQJ_AB_C,"SA91A,RC21A",1.431888219853911,1.2137708552090811,3.170731539882444,0.5250724648194516,magnitude
1DQJ_AB_C,"SA91A,YC20A",1.431888219853911,3.2857081672217405,3.573091870427516,-1.1445045166481354,magnitude
1DQJ_AB_C,"YA96A,RC21A",1.1350509349429851,1.2137708552090811,3.4851995037279018,1.1363777135758353,magnitude
1DQJ_AB_C,"YA96A,SC100A",1.1350509349429851,0.7755828769483536,0.913447196784014,-0.9971866151073248,magnitude
1DQJ_AB_C,"DB32A,KC97A",2.013433684266098,3.5197055815031817,1.122383354770886,-4.410755910998393,reciprocal-sign
1DQJ_AB_C,"YB53A,WC62A",1.180278004244906,0.758078544673571,1.2863080020399544,-0.6520485468785227,magnitude
1DQJ_AB_C,"YB53A,WC63A",1.180278004244906,1.346269125780843,2.199232230576519,-0.3273148994492301,magnitude
1DQJ_AB_C,"YB53A,LC75A",1.180278004244906,1.4524069801998116,1.2168617407016544,-1.4158232437430636,magnitude
1DQJ_AB_C,"YB53A,DC101A",1.180278004244906,1.3765503969606354,2.727120959054331,0.1702925578487892,additive
1DQJ_AB_C,"WB98A,SC100A",4.931525159553901,0.7755828769483536,5.362245439397926,-0.3448625971043295,magnitude
1DQJ_AB_C,"WB98A,KC97A",4.931525159553901,3.5197055815031817,6.6600859123140985,-1.7911448287429843,magnitude
1DQJ_AB_C,"WB98A,YC20A",4.931525159553901,3.2857081672217405,5.112097053195768,-3.1051362735798733,magnitude
1DVF_AB_CD,"EB98A,YD102A",4.186648778045521,4.739434562048353,4.633296707629384,-4.292786632464491,magnitude
1DVF_AB_CD,"DB54A,YC49A",4.281256077725873,1.8606004365156692,4.492871576053978,-1.6489849381875643,magnitude
1DVF_AB_CD,"DB58A,QD104A",1.6000047581683967,1.6287224716886677,1.464172445090922,-1.7645547847661422,magnitude
1DVF_AB_CD,"YA49A,ND55A",1.678590122198044,1.8606004365156692,2.030369477033861,-1.508821081679852,magnitude
1DVF_AB_CD,"YA32A,RD106A",2.030369477033861,4.090681438581496,4.650588061375707,-1.4704628542396492,magnitude
1DVF_AB_CD,"NB56A,QD104A",1.1624388326660018,1.6287224716886677,1.4868643704150872,-1.304296933939582,magnitude
1DVF_AB_CD,"WB52A,QD104A",4.132998493221726,1.6287224716886677,4.162862978648857,-1.598857986261537,magnitude
1DVF_AB_CD,"DB100A,HD33A",2.789514064825205,1.8606004365156692,4.148118977425332,-0.501995523915542,magnitude
1DVF_AB_CD,"DB100A,DD52A",2.789514064825205,1.6822899775650966,4.319723285935899,-0.1520807564544029,additive
1DVF_AB_CD,"YA49A,HD33A",1.678590122198044,1.8606004365156692,2.6250449957313493,-0.9141455629823638,magnitude
1DVF_AB_CD,"DB100A,ND55A",2.789514064825205,1.8606004365156692,4.090681438581496,-0.5594330627593784,magnitude
1DVF_AB_CD,"NB56A,ND55A",1.1624388326660018,1.8606004365156692,2.301092834498304,-0.7219464346833675,magnitude
1DVF_AB_CD,"NB56A,HD33A",1.1624388326660018,1.8606004365156692,2.525999312193167,-0.4970399569885044,magnitude
1EMV_A_B,"FB86A,LA31A",3.8789440133464974,3.4177484279461603,6.676967767009096,-0.619724674283562,magnitude
1EMV_A_B,"FB86A,VA32A",3.8789440133464974,2.5782958739873467,4.6637445755825695,-1.7934953117512746,magnitude
1EMV_A_B,"FB86A,VA35A",3.8789440133464974,1.6638673108272506,4.066582876262883,-1.4762284479108647,magnitude
1EMV_A_B,"FB86A,YA52A",3.8789440133464974,4.834636288946113,8.719602361828183,0.0060220595355726,additive
1EMV_A_B,"FB86A,YA53A",3.8789440133464974,4.634757095032888,8.259529445008772,-0.254171663370613,additive
1FSS_A_B,"TB8V,TB9I",-0.0844073349890135,-0.2321621462890658,0.4416475288912737,0.7582170101693531,magnitude
1FSS_A_B,"TB8V,TB9N",-0.0844073349890135,1.2508980980671376,0.2862788767808306,-0.8802118862972934,magnitude
1FSS_A_B,"TB8V,TB9N",-0.0844073349890135,1.2508980980671376,0.4292737650447258,-0.7372169980333982,magnitude
1GC1_G_C,"QC40A,DC63A",-0.4104726052396387,-0.3191866086681154,-0.4990233230821011,0.230635890825653,additive
1GUA_A_B,"RB4A,EA37A",1.0003957021086027,1.3002323769354616,1.3002323769354616,-1.0003957021086027,magnitude
1GUA_A_B,"VB14A,EA37A",0.1003115918357845,1.3002323769354616,1.699913124664234,0.2993691558929878,additive
1JTG_A_B,"GA212S,DB49A",-0.2676596204611239,2.347103730149592,2.634037732599545,0.5545936229110775,magnitude
1JTG_A_B,"GA212S,FB142A",-0.2676596204611239,2.804157185223436,3.680208833341857,1.1437112685795454,magnitude
1JTG_A_B,"EA79K,DB49A",3.239287941896012,2.347103730149592,5.637911570123902,0.0515198980782978,additive
1JTG_A_B,"EA79K,FB142A",3.239287941896012,2.804157185223436,4.552681032028127,-1.490764095091321,magnitude
1JTG_A_B,"SA209A,DB49A",1.2385280208864913,2.347103730149592,1.6403711576938846,-1.9452605933421985,sign
1JTG_A_B,"SA105A,DB49A",0.5626584262550082,2.347103730149592,1.384012127884364,-1.5257500285202357,sign
1JTG_A_B,"RA217A,DB49A",1.3019845306681197,2.347103730149592,1.1111847360070124,-2.537903524810699,sign
1JTG_A_B,"KA208A,DB49A",1.2215765288113212,2.347103730149592,1.553325718470923,-2.01535454048999,sign
1JTG_A_B,"SA209A,SA105A",1.2385280208864913,0.5626584262550082,1.1522184131963342,-0.6489680339451651,magnitude
1JTG_A_B,"RA217A,SA209A",1.3019845306681197,1.2385280208864913,0.7392628408306383,-1.8012497107239722,reciprocal-sign
1JTG_A_B,"RA217A,SA105A",1.3019845306681197,0.5626584262550082,1.848866645841248,-0.0157763110818798,additive
1JTG_A_B,"SA209A,KA208A",1.2385280208864913,1.2215765288113212,2.0927860157941534,-0.3673185339036591,magnitude
1JTG_A_B,"KA208A,SA105A",1.2215765288113212,0.5626584262550082,1.9787125254180724,0.1944775703517431,additive
1JTG_A_B,"RA217A,KA208A",1.3019845306681197,1.2215765288113212,2.728852500615488,0.2052914411360471,additive
1JTG_A_B,"KB74A,FB142A",3.6164583218931257,2.804157185223436,4.8501983538242746,-1.5704171532922873,magnitude
1JTG_A_B,"KB74A,YB143A",3.6164583218931257,0.7098173713580338,3.0572752523549256,-1.269000440896234,sign
1JTG_A_B,"FB142A,YB143A",2.804157185223436,0.7098173713580338,2.8418784608436707,-0.6720960957377988,magnitude
1JTG_A_B,"KB74A,EA79A",3.6164583218931257,1.978801330920119,1.576142728074618,-4.019116924738626,reciprocal-sign
1JTG_A_B,"FB142A,EA79A",2.804157185223436,1.978801330920119,2.746658790250977,-2.036299725892577,magnitude
1JTG_A_B,"YB143A,EA79A",0.7098173713580338,1.978801330920119,1.863720735450332,-0.8248979668278202,magnitude
1JTG_A_B,"KB74A,YA80A",3.6164583218931257,-0.1311945908785337,3.3208492444000064,-0.1644144866145853,additive
1JTG_A_B,"FB142A,YA80A",2.804157185223436,-0.1311945908785337,0.69405547726028,-1.9789071170846215,magnitude
1JTG_A_B,"YB143A,YA80A",0.7098173713580338,-0.1311945908785337,1.0749618695209888,0.4963390890414887,magnitude
1JTG_A_B,"EA79A,YA80A",1.978801330920119,-0.1311945908785337,1.0265502143425045,-0.8210565256990805,magnitude
1JTG_A_B,"DB49A,RA217A",2.347103730149592,1.3019845306681197,1.0987317544098651,-2.550356506407846,sign
1JTG_A_B,"KB74A,RA217A",3.6164583218931257,1.3019845306681197,6.61730519832461,1.6988623457633647,magnitude
1JTG_A_B,"FB142A,RA217A",2.804157185223436,1.3019845306681197,3.3936278974919936,-0.7125138183995614,magnitude
1JTG_A_B,"YB143A,RA217A",0.7098173713580338,1.3019845306681197,2.268834147625303,0.2570322455991496,additive
1JTG_A_B,"DB49A,KA208A",2.347103730149592,1.2215765288113212,1.5999353545009278,-1.968744904459985,sign
1JTG_A_B,"KB74A,KA208A",3.6164583218931257,1.2215765288113212,6.54515591156147,1.7071210608570233,magnitude
1JTG_A_B,"FB142A,KA208A",2.804157185223436,1.2215765288113212,3.3936278974919936,-0.6321058165427638,magnitude
1JTG_A_B,"YB143A,KA208A",0.7098173713580338,1.2215765288113212,2.555516650543763,0.6241227503744082,magnitude
1JTG_A_B,"DB49A,SA105A",2.347103730149592,0.5626584262550082,0.3579289870971268,-2.5518331693074727,sign
1JTG_A_B,"KB74A,SA105A",3.6164583218931257,0.5626584262550082,3.17720744662126,-1.0019093015268743,sign
1JTG_A_B,"FB142A,SA105A",2.804157185223436,0.5626584262550082,2.8418784608436707,-0.5249371506347731,magnitude
1JTG_A_B,"YB143A,SA105A",0.7098173713580338,0.5626584262550082,1.7911636492664154,0.5186878516533735,magnitude
1JTG_A_B,"QA74A,HB148A",0.5072994849707795,2.907417505989245,3.199986670064844,-0.2147303208951809,additive
1JTG_A_B,"QA74A,WB150A",0.5072994849707795,4.314169739925167,3.821956733674985,-0.9995124912209614,sign
1JTG_A_B,"QA74A,RB160A",0.5072994849707795,2.736342234024063,3.749268277337723,0.5056265583428803,magnitude
1JTG_A_B,"NA75A,HB148A",-0.9611956378225897,2.907417505989245,2.1020508028381037,0.1558289346714481,additive
1JTG_A_B,"NA75A,WB150A",-0.9611956378225897,4.314169739925167,4.347520920499064,0.9945468183964864,magnitude
1JTG_A_B,"NA75A,RB160A",-0.9611956378225897,2.736342234024063,1.576142728074618,-0.1990038681268553,additive
1JTG_A_B,"EA143A,WB162A",-0.0725495008043256,2.262142262913266,2.076537272176185,-0.1130554899327553,additive
1JTG_A_B,"VA78A,WB162A",1.909888530592656,2.262142262913266,4.227523040825087,0.0554922473191652,additive
1JTG_A_B,"MA104A,YB53A",1.1186529000707466,2.8689211563825547,3.607659332537532,-0.3799147239157689,magnitude
1JTG_A_B,"MA104A,YB50A",1.1186529000707466,-1.7065401848347124,0.3579289870971268,0.9458162718610924,magnitude
1JTG_A_B,"MA104A,FB36A",1.1186529000707466,3.225241077300402,3.629696732773157,-0.714197244597992,magnitude
1JTG_A_B,"PA82A,HB41A",-0.0737529142249831,3.3163004504514646,2.651758214042325,-0.5907893221841567,magnitude
1JTG_A_B,"PA82A,YB50A",-0.0737529142249831,-1.7065401848347124,-0.6468709048605432,1.1334221941991522,magnitude
1JTG_A_B,"PA82A,YB53A",-0.0737529142249831,2.8689211563825547,2.387913337760374,-0.4072549043971976,magnitude
1JTG_A_B,"VA190A,YB50A",-0.4927015878057956,-1.7065401848347124,-0.8851342883011685,1.3141074843393392,sign
1JTG_A_B,"EA85A,SB113A",1.3773735996529988,-0.5157067426079499,4.563547149592009,3.70188029254696,sign
1JTG_A_B,"EA85A,SB71A",1.3773735996529988,0.1386598103469291,5.017106883432151,3.501073473432222,magnitude
1JTG_A_B,"SB71A,SB113A",0.1386598103469291,-0.5157067426079499,0.4558639655100153,0.832910897771036,sign
1JTG_A_B,"EA79A,SB113A",1.978801330920119,-0.5157067426079499,1.863720735450332,0.4006261471381636,magnitude
1JTG_A_B,"QA74A,WB112A",0.5072994849707795,2.879401571430578,3.536153063653907,0.1494520072525493,additive
1JTG_A_B,"QA74A,WB162A",0.5072994849707795,2.262142262913266,2.889986347220016,0.1205445993359695,additive
1JTG_A_B,"QA74A,KB74A",0.5072994849707795,3.6164583218931257,4.107812003081107,-0.0159458037827979,additive
1JTG_A_B,"QA74A,FB142A",0.5072994849707795,2.804157185223436,2.817874652855631,-0.4935820173385843,magnitude
1JTG_A_B,"QA74A,DB49A",0.5072994849707795,2.347103730149592,2.1973998465113485,-0.6570033686090224,magnitude
1JTG_A_B,"NA75A,WB112A",-0.9611956378225897,2.879401571430578,2.7939666180720533,0.8757606844640649,magnitude
1JTG_A_B,"NA75A,WB162A",-0.9611956378225897,2.262142262913266,2.1020508028381037,0.8011041777474268,magnitude
1JTG_A_B,"NA75A,RB160A",-0.9611956378225897,2.736342234024063,1.576142728074618,-0.1990038681268553,additive
1JTG_A_B,"NA75A,KB74A",-0.9611956378225897,3.6164583218931257,3.510260992462404,0.8549983083918682,magnitude
1JTG_A_B,"NA75A,FB142A",-0.9611956378225897,2.804157185223436,2.2925775556126644,0.4496160082118183,magnitude
1JTG_A_B,"NA75A,DB49A",-0.9611956378225897,2.347103730149592,1.576142728074618,0.1902346357476159,additive
1JTG_A_B,"VA78A,RB160A",1.909888530592656,2.736342234024063,4.347520920499064,-0.2987098441176545,additive
1JTG_A_B,"VA78A,FB142A",1.909888530592656,2.804157185223436,4.514655260135224,-0.1993904556808674,additive
1JTG_A_B,"EA143A,WB112A",-0.0725495008043256,2.879401571430578,2.7939666180720533,-0.0128854525541992,additive
1JTG_A_B,"EA143A,WB150A",-0.0725495008043256,4.314169739925167,4.107812003081107,-0.1338082360397345,additive
1JTG_A_B,"EA143A,RB160A",-0.0725495008043256,2.736342234024063,2.317888536031313,-0.3459041971884238,magnitude
1JTG_A_B,"EA143A,KB74A",-0.0725495008043256,3.6164583218931257,4.060110171243092,0.5162013501542915,magnitude
1JTG_A_B,"EA143A,FB142A",-0.0725495008043256,2.804157185223436,2.5798899174585967,-0.1517177669605134,additive
1JTG_A_B,"EA143A,DB49A",-0.0725495008043256,2.347103730149592,1.5043303667692922,-0.7702238625759739,magnitude
1JTG_A_B,"EA85A,YB50A",1.3773735996529988,-1.7065401848347124,3.9653278587323295,4.294494443914044,sign
1JTG_A_B,"VA190A,FB142A",-0.4927015878057956,2.804157185223436,2.1973998465113485,-0.1140557509062918,additive
1JTG_A_B,"EA85G,EA143G",-0.9122312070508009,-0.1703615236011317,-0.6097270196414196,0.4728657110105129,magnitude
1JTG_A_B,"EA85V,EA143G",-0.6721201254122937,-0.1703615236011317,-0.741869683449669,0.1006119655637564,additive
1JTG_A_B,"EB73M,KB74A",0.5060890146551901,3.6164583218931257,4.30697827002587,0.1844309334775546,additive
1JTG_A_B,"EB73M,FB142A",0.5060890146551901,2.804157185223436,2.540051348934936,-0.7701948509436898,magnitude
1JTG_A_B,"EA79A,EB73M",1.978801330920119,0.5060890146551901,1.8416595715975492,-0.6432307739777594,magnitude
1JTG_A_B,"EB73A,YB50A",0.4348315008270005,-1.7065401848347124,-1.4957031433354149,-0.2239944593277028,additive
1KNE_A_P,"AA3F,TP2K",-0.1149766273392962,-0.3142310417410772,-0.0359011003096877,0.3933065687706858,magnitude
1KNE_A_P,"AA3F,TP2I",-0.1149766273392962,0.2739595393661945,0.5894793450370344,0.430496433010136,magnitude
1KNE_A_P,"AA3F,TP2F",-0.1149766273392962,0.0962415634985615,0.8032666799999735,0.8220017438407082,magnitude
1KNE_A_P,"AA3F,TP2L",-0.1149766273392962,0.2042099813288193,0.3927940747603349,0.3035607207708118,magnitude
1KNE_A_P,"AA3K,TP2K",0.8945526765714967,-0.3142310417410772,1.5990086489478272,1.0186870141174078,sign
1KNE_A_P,"AA3K,TP2I",0.8945526765714967,0.2739595393661945,1.3974089372548528,0.2288967213171615,additive
1KNE_A_P,"AA3K,TP2F",0.8945526765714967,0.0962415634985615,1.4686188826957325,0.477824642625674,magnitude
1KNE_A_P,"AA3K,TP2L",0.8945526765714967,0.2042099813288193,1.8336328514338465,0.7348701935335304,magnitude
1KNE_A_P,"AA3L,TP2K",0.0,-0.3142310417410772,-0.1588623896306341,0.155368652110443,additive
1KNE_A_P,"AA3L,TP2I",0.0,0.2739595393661945,0.0658663520440863,-0.2080931873221082,additive
1KNE_A_P,"AA3L,TP2F",0.0,0.0962415634985615,0.2516102156090045,0.155368652110443,additive
1KNE_A_P,"AA3L,TP2L",0.0,0.2042099813288193,0.2516102156090045,0.0474002342801852,additive
1KNE_A_P,"AA3T,TP2K",-0.3766241475119511,-0.3142310417410772,-0.3142310417410772,0.3766241475119511,magnitude
1KNE_A_P,"AA3T,TP2I",-0.3766241475119511,0.2739595393661945,0.6022150357149303,0.7048796438606869,sign
1KNE_A_P,"AA3T,TP2F",-0.3766241475119511,0.0962415634985615,0.7850441101695896,1.0654266941829793,sign
1KNE_A_P,"AA3T,TP2L",-0.3766241475119511,0.2042099813288193,0.5631555983614666,0.7355697645445984,sign
1KNE_A_P,"DA40F,TP2K",-0.6167352291504581,-0.3142310417410772,-0.2062626239108194,0.724703646980716,sign
1KNE_A_P,"DA40F,TP2I",-0.6167352291504581,0.2739595393661945,0.2042099813288193,0.5469856711130828,magnitude
1KNE_A_P,"DA40F,TP2F",-0.6167352291504581,0.0962415634985615,-0.1588623896306341,0.3616312760212624,magnitude
1KNE_A_P,"DA40F,TP2L",-0.6167352291504581,0.2042099813288193,0.2954959779003424,0.7080212257219812,magnitude
1KNE_A_P,"DA40I,TP2K",0.4605463735958765,-0.3142310417410772,0.5894793450370344,0.4431640131822351,magnitude
1KNE_A_P,"DA40I,TP2I",0.4605463735958765,0.2739595393661945,0.6146825865684581,-0.1198233263936129,additive
1KNE_A_P,"DA40I,TP2F",0.4605463735958765,0.0962415634985615,1.094904749845472,0.5381168127510341,magnitude
1KNE_A_P,"DA40I,TP2L",0.4605463735958765,0.2042099813288193,0.5764637267755756,-0.0882926281491202,additive
1KNE_A_P,"DA40K,TP2K",-0.3766241475119511,-0.3142310417410772,0.3363526451370685,1.0272078343900968,reciprocal-sign
1KNE_A_P,"DA40K,TP2I",-0.3766241475119511,0.2739595393661945,0.0,0.1026646081457566,additive
1KNE_A_P,"DA40K,TP2F",-0.3766241475119511,0.0962415634985615,-0.0359011003096877,0.2444814837037019,additive
1KNE_A_P,"DA40K,TP2L",-0.3766241475119511,0.2042099813288193,-0.3142310417410772,-0.1418168755579453,additive
1KNE_A_P,"DA40T,TP2K",0.4917212972475115,-0.3142310417410772,0.7267491992460632,0.5492589437396289,magnitude
1KNE_A_P,"DA40T,TP2I",0.4917212972475115,0.2739595393661945,0.8868115625233638,0.1211307259096577,additive
1KNE_A_P,"DA40T,TP2F",0.4917212972475115,0.0962415634985615,1.24006303191518,0.652100171169107,magnitude
1KNE_A_P,"DA40T,TP2L",0.4917212972475115,0.2042099813288193,0.2516102156090045,-0.4443210629673262,magnitude
1KNE_A_P,"KA24A,AA3K",-1.2673189160286038,0.8945526765714967,-0.2577896121178109,0.1149766273392962,additive
1LFD_A_B,"MA17K,DA45K",-0.6608515406929698,-0.7038722107285329,-0.2017313233819258,1.162992428039577,reciprocal-sign
1LFD_A_B,"MA17K,DA81K",-0.6608515406929698,-1.0238074446335306,-0.4012753865016358,1.2833835988248643,sign
1LFD_A_B,"DA45K,DA81K",-0.7038722107285329,-1.0238074446335306,-0.701081679531705,1.0265979758303585,sign
1LFD_A_B,"MA17K,DA45K",-0.6608515406929698,-0.7038722107285329,-1.04897042789816,0.3157533235233427,magnitude
1LFD_A_B,"MA17K,DA81K",-0.6608515406929698,-1.0238074446335306,-0.9061574431196454,0.778501542206855,magnitude
1LFD_A_B,"DA45K,DA81K",-0.7038722107285329,-1.0238074446335306,-0.6036532557102645,1.124026399651799,sign
1LFD_A_B,"NA16A,QB25A",0.4992318109247285,0.9002349486857558,0.301646566995909,-1.0978201926145754,sign
1LFD_A_B,"KA19A,QB25A",1.9544066114424643,0.9002349486857558,2.5001465810807257,-0.3544949790474945,magnitude
1LFD_A_B,"DA38A,DB33A",-0.4451771577984559,1.10029196559395,0.200233033574296,-0.4548817742211981,magnitude
1LFD_A_B,"HA40A,DB33A",1.4980289185908036,1.10029196559395,2.200568843357237,-0.3977520408275161,magnitude
1LFD_A_B,"NA16A,SB39A",0.4992318109247285,-0.7506587224662418,0.0,0.2514269115415132,additive
1LFD_A_B,"YA18F,SB39A",1.3482351369397851,-0.7506587224662418,0.8004552907670912,0.2028788762935478,additive
1LFD_A_B,"KA35A,SB39A",0.3635775931475925,-0.7506587224662418,-0.0996288195057268,0.2874523098129223,additive
1LFD_A_B,"HA40A,SB39A",1.4980289185908036,-0.7506587224662418,0.5009009813976899,-0.2464692147268719,additive
1LFD_A_B,"NA16A,YB40F",0.4992318109247285,2.148084338788234,2.300137307695917,-0.3471788420170449,magnitude
1LFD_A_B,"YA18F,YB40F",1.3482351369397851,2.148084338788234,2.6005227565589464,-0.8957967191690726,magnitude
1LFD_A_B,"SA20A,YB40F",0.948706379491972,2.148084338788234,1.7983787058847558,-1.29841201239545,sign
1LFD_A_B,"NA14A,RB41A",0.9485203422254964,0.8484613018236723,1.5999462024990228,-0.197035441550146,additive
1LFD_A_B,"NA16A,RB41A",0.4992318109247285,0.8484613018236723,1.400116570187032,0.052423457438631,additive
1LFD_A_B,"YA18F,RB41A",1.3482351369397851,0.8484613018236723,1.7983787058847558,-0.3983177328787015,magnitude
1LFD_A_B,"HA40A,VB29A",1.4980289185908036,0.4967250199261735,1.99603136988055,0.0012774313635728,additive
1LFD_A_B,"RA7A,EB37A",1.8327896346511816,1.1965595246947016,2.0969453709062877,-0.932403788439596,magnitude
1LFD_A_B,"NA14A,EB37A",0.9485203422254964,1.1965595246947016,1.99603136988055,-0.1490484970396477,additive
1LFD_A_B,"YA18F,EB37A",1.3482351369397851,1.1965595246947016,1.2967130811737708,-1.248081580460716,magnitude
1LFD_A_B,"YA18A,EB37A",3.5961914707004405,1.1965595246947016,3.5961914707004405,-1.1965595246947016,magnitude
1LFD_A_B,"SA20A,EB37A",0.948706379491972,1.1965595246947016,2.2961928842461883,0.1509269800595145,additive
1LFD_A_B,"YA18A,DB38A",3.5961914707004405,3.3114860239709856,4.895477840612606,-2.0121996540588203,magnitude
1LFD_A_B,"SA20A,DB38A",0.948706379491972,3.3114860239709856,3.296174057678149,-0.9640183457848076,magnitude
1LFD_A_B,"KA39A,DB38A",2.143800487079221,3.3114860239709856,6.095765185902443,0.6404786748522362,magnitude
1LFD_A_B,"YA18A,SB39A",3.5961914707004405,-0.7506587224662418,4.095256434571158,1.2497236863369592,sign
1LFD_A_B,"NA14A,RB41A",0.9485203422254964,0.8484613018236723,1.4949743575235943,-0.3020072865255743,magnitude
1LFD_A_B,"NA16A,RB41A",0.4992318109247285,0.8484613018236723,0.7966876549615888,-0.5510054577868121,magnitude
1LFD_A_B,"KA35A,EB63A",0.3635775931475925,0.2971276864519431,0.2971276864519431,-0.3635775931475924,magnitude
1MAH_A_F,"YA69N,YA121Q",5.217716638290652,3.004270583507573,6.644293011494593,-1.5776942103036316,magnitude
1MAH_A_F,"YA121Q,WA276R",3.004270583507573,8.809327050697089,9.706739650214628,-2.106857983990034,magnitude
1MAH_A_F,"YA69N,WA276R",5.217716638290652,8.809327050697089,11.62960101390482,-2.397442675082919,magnitude
1MHP_HL_A,"TH50V,KH64E",-0.131598874131069,-0.0776146652159401,-0.3610393851254108,-0.1518258457784017,additive
1MHP_HL_A,"LH60D,KH64Q",-0.0613199135992567,-0.0776146652159401,0.0429893394260245,0.1819239182412213,additive
1MHP_HL_A,"LH60D,KH64E",-0.0613199135992567,-0.0776146652159401,-0.1418004830708645,-0.0028659042556677,additive
1MHP_HL_A,"TH50V,SH35A",-0.131598874131069,1.5726849022722595,2.075840171693097,0.6347541435519064,magnitude
1MHP_HL_A,"TH50V,SL27Q",-0.131598874131069,-0.6876045046371114,-0.69468385423772,0.1245195245304603,additive
1MHP_HL_A,"TH50V,KH64E",-0.131598874131069,-0.0776146652159401,0.0,0.2092135393470091,additive
1MHP_HL_A,"KH64E,SL27Q",-0.0776146652159401,-0.6876045046371114,-0.8568463107889651,-0.0916271409359136,additive
1MLC_AB_E,"NA32G,NA92A",-0.8773866401025436,-1.2533531675669023,-0.6866530459734518,1.4440867616959945,sign
1MLC_AB_E,"SB57V,TB58D",-0.4941806470950984,-0.559682352088254,-0.9877285552664774,0.0661344439168751,additive
1PPF_E_I,"AI15R,LI18R",-0.260515264302077,7.0849323215263,7.22620090776498,0.4017838505407569,magnitude
1PPF_E_I,"AI15D,GI32A",1.1224482449599835,0.2540235760359344,1.1429499266216887,-0.2335218943742294,additive
1PPF_E_I,"AI15T,LI18M",0.9494844039691046,1.2248411013906888,-1.4720749815002026,-3.646400486859996,reciprocal-sign
1PPF_E_I,"LI18I,GI32D",-0.7227220456105448,2.462466061660457,2.4882075809203017,0.7484635648703897,magnitude
1PPF_E_I,"LI18M,YI20Q",1.2248411013906888,4.631947499799407,5.758645099258013,-0.0981435019320819,additive
1PPF_E_I,"LI18M,GI32D",1.2248411013906888,2.462466061660457,3.930677021297909,0.2433698582467629,additive
1PPF_E_I,"AI15V,TI17S",0.1975471059995873,1.5096491459473151,1.7412459139875558,0.0340496620406534,additive
1R0R_E_I,"TI12K,LI13R",1.9070090129539656,2.894710252149942,5.186594753669237,0.3848754885653287,magnitude
1R0R_E_I,"TI12R,LI13R",3.298972212524188,2.894710252149942,6.416275096084083,0.2225926314099524,additive
1R0R_E_I,"AI10R,LI13R",5.453804890155724,2.894710252149942,7.644698889429945,-0.7038162528757219,magnitude
1R0R_E_I,"NI23S,GI27A",-0.0650991459847262,1.2963614960327403,1.2363489522709228,0.0050866022229087,additive
1R0R_E_I,"AI10D,GI27A",5.1559456919276245,1.2963614960327403,5.821646471322605,-0.6306607166377596,magnitude
1R0R_E_I,"AI10T,LI13M",1.2505416658090518,-0.5091022917828564,0.255147036861425,-0.4862923371647704,magnitude
1R0R_E_I,"LI13I,GI27D",3.208911531342886,2.84806300515251,5.229929295604449,-0.8270452408909472,magnitude
1R0R_E_I,"LI13M,YI15Q",-0.5091022917828564,4.440735868736288,3.589649521255766,-0.3419840556976647,magnitude
1R0R_E_I,"LI13M,GI27D",-0.5091022917828564,2.84806300515251,2.3600785150396124,0.0211178016699586,additive
1R0R_E_I,"AI10D,LI13A",5.1559456919276245,0.4143215700482742,5.453804890155724,-0.1164623718201749,additive
1R0R_E_I,"AI10V,TI12S",-0.9566413337316731,0.8471263891592606,0.0934574231679992,0.2029723677404118,additive
1R0R_E_I,"TI12R,LI13R",3.298972212524188,2.894710252149942,6.395851477935451,0.2021690132613205,additive
1R0R_E_I,"AI10R,LI13R",5.453804890155724,2.894710252149942,7.616830594365891,-0.7316845479397758,magnitude
1TM1_E_I,"RI48A,RI46A",3.0094335928627647,3.4164050368056302,5.049661767376299,-1.3761768622920956,magnitude
1TM1_E_I,"TI39A,EI41A",2.6491827298284845,2.9880987065837026,3.388878313122591,-2.248403123289596,magnitude
1TM1_E_I,"TI39D,EI41A",2.098134134851194,2.9880987065837026,0.7538334598857456,-4.332399381549151,reciprocal-sign
1VFB_AB_C,"YA32A,QC121A",1.5281334189132072,2.8769978859466967,1.5860408822311405,-2.819090422628763,sign
1VFB_AB_C,"YA32A,IC124A",1.5281334189132072,1.231417815718916,2.905715599466968,0.1461643648348447,additive
1VFB_AB_C,"YA50A,DC18A",0.4560859927052346,0.3401305641193236,1.265923893494196,0.4697073366696378,magnitude
1VFB_AB_C,"YA50A,DC119A",0.4560859927052346,0.9530878742875266,1.231417815718916,-0.1777560512738452,additive
1VFB_AB_C,"WA92A,QC121A",3.037847896040889,2.8769978859466967,3.5189363566285787,-2.3959094253590068,magnitude
1VFB_AB_C,"WA92A,IC124A",3.037847896040889,1.231417815718916,3.850333434838608,-0.4189322769211965,magnitude
1VFB_AB_C,"WA92A,RC125A",3.037847896040889,1.8368997505725104,3.393289408319017,-1.4814582382943824,magnitude
1VFB_AB_C,"WA92A,LC129A",3.037847896040889,0.1715447143883475,3.3073626048121616,0.0979699943829253,additive
1VFB_AB_C,"YB32A,KC116A",0.7916792939653239,0.7134503526838523,1.5860408822311405,0.0809112355819641,additive
1VFB_AB_C,"WB52A,DC119A",0.6406273309853868,0.9530878742875266,2.247372355812149,0.6536571505392357,magnitude
1VFB_AB_C,"DB54A,TC118A",0.8151113319598972,0.7650956717518629,1.25464380402111,-0.3255631996906498,magnitude
1VFB_AB_C,"DB100A,SC24A",3.005001793507489,0.8509650032222734,3.369755710583035,-0.4862110861467279,magnitude
1VFB_AB_C,"YB101F,DC119A",1.2695643782593335,0.9530878742875266,2.73652094676949,0.51386869422263,magnitude
1VFB_AB_C,"YB101F,VC120A",1.2695643782593335,0.9169498518734585,2.538477643982484,0.3519634138496919,magnitude
1YY9_CD_A,"TC31E,NC93A",-0.5189246382801149,-0.7418696834496689,-0.8185330409852013,0.4422612807445826,magnitude
1Z7X_W_X,"YW434A,DW435A",5.9532652411907625,3.660791133354062,7.168000635650944,-2.446055738893881,magnitude
1Z7X_W_X,"YW434A,YW437A",5.9532652411907625,2.622960829538472,7.23775019368832,-1.3384758770409144,magnitude
2C5D_A_C,"GC6S,DC61G",0.0989272224871767,-0.5035558316944242,-0.5293071406337789,-0.1246785314265314,additive
2C5D_A_C,"GC6S,VC66A",0.0989272224871767,-0.5990566986711542,-0.8466167689920084,-0.3464872928080309,magnitude
2C5D_A_C,"GC6S,GC101R",0.0989272224871767,-0.0182225698303839,0.0348445669482568,-0.0458600857085359,additive
2C5D_A_C,"DC61G,GC101R",-0.5035558316944242,-0.0182225698303839,-0.5608378388782719,-0.0390594373534637,additive
2C5D_A_C,"VC66A,GC101R",-0.5990566986711542,-0.0182225698303839,-0.6559918230224728,-0.0387125545209346,additive
2C5D_A_C,"DC61G,VC66A",-0.5035558316944242,-0.5990566986711542,-1.0399045153652682,0.06270801500031,additive
2DVW_A_B,"RA39A,KA114A",0.9102165360300096,0.0341905503754513,2.3615388871500467,1.4171318007445857,magnitude
2G2U_A_B,"EB73A,YB50A",-1.978551416423861,-2.074792979922422,-2.451417127434373,1.60192726891191,magnitude
2G2U_A_B,"YB50A,YB143A",-2.074792979922422,-1.8464087526156117,-2.074792979922422,1.8464087526156117,magnitude
2G2U_A_B,"EB73A,YB143A",-1.978551416423861,-1.8464087526156117,-1.8346818982839157,1.9902782707555569,magnitude
2G2U_A_B,"WB112A,YB143A",0.958305412814502,-1.8464087526156117,-0.409425413468964,0.4786779263321455,magnitude
2G2U_A_B,"WB150A,YB143A",1.7844225932168307,-1.8464087526156117,0.9886806242689772,1.050666783667758,magnitude
2G2U_A_B,"EB73M,SB130K",-3.004099460084896,-1.4687809258741955,-2.8081671594233697,1.6647132265357216,magnitude
2G2U_A_B,"EB73M,KB74A",-3.004099460084896,-0.2172379305211991,0.4744525086984674,3.695789899304562,sign
2G2U_A_B,"EB73M,FB142A",-3.004099460084896,0.2757038316199575,0.3230021621870997,3.0513977906520378,magnitude
2G2U_A_B,"DA79A,EB73M",-1.5479378256326803,-3.004099460084896,-2.153489135012935,2.398548150704641,sign
2J0T_A_D,"TD2L,VD4S",2.680953163912007,0.981980765088176,3.468990642504,-0.1939432864961836,additive
2J0T_A_D,"TD2S,VD4A",1.59371860768713,0.0,1.2496403855493,-0.3440782221378302,magnitude
2KSO_A_B,"RA43E,HB20E",-0.6620828208486433,-0.1553686521104431,0.4543583675309766,1.271809840490063,sign
2NYY_DC_A,"VD36I,ED5Q",-0.2131714729197687,-0.2479871000665445,-0.0490460949757949,0.4121124780105183,magnitude
2O3B_A_B,"QB74A,WB76A",3.231517368309336,4.071880278776409,5.753033323500439,-1.5503643235853062,magnitude
2OOB_A_B,"AA9E,GA13S",3.101971205713128,0.2352585941682005,3.101971205713128,-0.2352585941682003,additive
2PCC_A_B,"KB92A,DA34A",0.9014672523081844,-0.8966464446642604,0.2029212173990567,0.1981004097551327,additive
2PCC_A_B,"KB92A,VA197A",0.9014672523081844,2.101740513707609,1.5008303337361943,-1.5023774322795989,sign
2PCC_A_B,"KB77A,VA197A",0.3035331829628131,2.101740513707609,2.79972443486594,0.394450738195518,magnitude
2PCC_A_B,"KB77A,EA290A",0.3035331829628131,6.199778404555606,1.1016840506574197,-5.401627536861,sign
2PCC_A_B,"AB86G,DA34A",1.9010037786520015,-0.8966464446642604,-0.0977580477895226,-1.102115381777264,magnitude
2PCC_A_B,"AB86G,VA197A",1.9010037786520015,2.101740513707609,2.101740513707609,-1.901003778652001,magnitude
2WPT_A_B,"NA31V,RA35T",-0.8966464446642602,-1.0378303038155905,-2.5871346469076744,-0.6526578984278237,magnitude
2WPT_A_B,"FB79A,DA30A",1.5939754088090965,-0.7758557119998566,-0.1321426638082493,-0.9502623606174888,magnitude
2WPT_A_B,"FB79A,NA31A",1.5939754088090965,-0.259099210310751,1.3515967030910885,0.0167205045927432,additive
2WPT_A_B,"FB79A,VA34A",1.5939754088090965,3.807594951159911,3.1113595360932345,-2.290210823875773,sign
2WPT_A_B,"DA30A,FB79A",-0.7758557119998566,1.5939754088090965,-0.1646120921091624,-0.982731788918402,magnitude
2WPT_A_B,"SB77A,NA31A",-0.0735191876866472,-0.259099210310751,-0.4370590207117063,-0.104440622714308,additive
3AAA_AB_C,"KA248A,RA258A",2.445281523767908,2.207115962310982,4.714682085270615,0.0622845991917255,additive
3BP8_A_C,"FA115A,AC51F",0.7086699606329439,0.615218744859497,-0.7742055304137059,-2.0980942359061467,reciprocal-sign
3D3V_ABC_DE,"EE30A,YC8A",2.671493931765867,3.4120600044332505,3.8991805855335415,-2.184373350665576,magnitude
3D3V_ABC_DE,"EE30A,YC8F",2.671493931765867,0.9270601470092752,2.5723441978397394,-1.0262098809354026,magnitude
3D3V_ABC_DE,"LE97A,YC8A",2.615994936381992,3.4120600044332505,4.388373867022971,-1.6396810737922705,magnitude
3HFM_HL_Y,"NL31A,KY96A",5.214130836470154,6.737284620331377,7.468386084513972,-4.483029372287558,magnitude
3HFM_HL_Y,"YL50A,RY21A",4.557595473444401,0.9033183075284592,6.366473125159462,0.905559344186602,magnitude
3HFM_HL_Y,"YL50F,RY21A",2.354867213607575,0.9033183075284592,4.330792520220003,1.0726069990839688,magnitude
3HFM_HL_Y,"YL50F,YY20A",2.354867213607575,4.5737791585221,6.223660140380948,-0.7049862317487277,magnitude
3HFM_HL_Y,"YL50A,KY96A",4.557595473444401,6.737284620331377,7.730033604686627,-3.5648464890891507,magnitude
3HFM_HL_Y,"YL50A,KY97A",4.557595473444401,5.861406182829672,7.319560999446989,-3.099440656827084,magnitude
3HFM_HL_Y,"YH33A,KY97A",6.035076046949432,5.861406182829672,7.228275002875466,-4.668207226903637,magnitude
3HFM_HL_Y,"WH98F,YY20A",3.245561982124227,4.5737791585221,6.229019333445615,-1.5903218072007128,magnitude
3HFM_HL_Y,"WH98A,KY96A",5.510683347731928,6.737284620331377,7.730033604686627,-4.517934363376678,magnitude
3HFM_HL_Y,"DH32A,KY97A",1.898226813225612,5.861406182829672,4.592440040392658,-3.1671929556626264,sign
3HFM_HL_Y,"DH32N,KY97A",0.1703615236011316,5.861406182829672,4.89155059793013,-1.140217108500674,magnitude
3HFM_HL_Y,"DH32A,KY97M",1.898226813225612,0.9469716728914084,1.1234493978886584,-1.721749088228362,sign
3HFM_HL_Y,"DH32N,KY97M",0.1703615236011316,0.9469716728914084,0.3025041874093809,-0.8148290090831589,magnitude
3HFM_HL_Y,"YH50A,RY21A",7.319560999446989,0.9033183075284592,7.941251795524486,-0.2816275114509627,additive
3HFM_HL_Y,"YL96A,RY21A",2.707044907923687,0.9033183075284592,5.756746105518043,2.146382890065897,magnitude
3HFM_HL_Y,"YL96F,RY21A",1.401779339320048,0.9033183075284592,4.18196743515302,1.8768697883045125,magnitude
3KUD_A_B,"KB30A,NB16R",1.9530398245642,-0.7977192221770835,0.7662429503645025,-0.3890776520226138,magnitude
3KUD_A_B,"KB30A,TA35A",1.9530398245642,1.990453535637538,3.039299358213408,-0.90419400198833,magnitude
3KUD_A_B,"TA35A,NB16R",1.990453535637538,-0.7977192221770835,1.488694933826376,0.2959606203659213,additive
3LZF_AB_HL,"DA187E,DA222G",0.4983649719392525,0.5378587230576918,0.1273861178180531,-0.9088375771788912,reciprocal-sign
3MZG_A_B,"HA167A,HB188A",1.4873632240039114,1.7764169430708645,-0.237157525431118,-3.500937692505894,reciprocal-sign
3MZG_A_B,"HA167A,HB188A",1.4873632240039114,1.7764169430708645,1.334667588726516,-1.92911257834826,sign
3MZG_A_B,"HA167A,HB188A",1.4873632240039114,1.7764169430708645,2.8010692956831598,-0.4627108713916166,magnitude
3MZG_A_B,"HA167A,HB188A",1.4873632240039114,1.7764169430708645,2.927857694109937,-0.3359224729648384,magnitude
3MZG_A_B,"HA167A,HB188A",1.4873632240039114,1.7764169430708645,3.328735704001183,0.0649555369264072,additive
3MZG_A_B,"HA167A,HB188A",1.4873632240039114,1.7764169430708645,3.4929721507123483,0.2291919836375724,additive
3MZG_A_B,"HA167A,HB188A",1.4873632240039114,1.7764169430708645,3.4665897571645368,0.2028095900897608,additive
3MZG_A_B,"HA167A,HB188A",1.4873632240039114,1.7764169430708645,3.391181033132204,0.1274008660574281,additive
3MZG_A_B,"HA167A,HB188A",1.4873632240039114,1.7764169430708645,3.3723454528678083,0.1085652857930323,additive
3QDG_ABC_DE,"DD26W,LE95W",-1.561569495379501,-0.7026776323251884,-3.353281110625609,-1.0890339829209197,magnitude
3QDG_ABC_DE,"DD26Y,LE95W",-1.7930353608217442,-0.7026776323251884,-3.541865204057125,-1.0461522109101915,magnitude
3QDJ_ABC_DE,"DD26W,LE95W",-2.170891600959333,-0.8073311214321676,-2.52983721799198,0.4483855043995204,magnitude
3QDJ_ABC_DE,"DD26Y,LE95W",-1.3366382620659465,-0.8073311214321676,-1.9131019888415224,0.2308673946565917,additive
3QIB_ABP_CD,"KA67A,EB64A",0.5658412573500818,1.2122692303878768,1.50637346430568,-0.2717370234322789,additive
3QIB_ABP_CD,"YP6F,TP11S",0.1079684178302578,1.0752410850768974,1.2164249442282276,0.0332154413210723,additive
3S9D_A_B,"RA120A,EB66A",3.020888893461688,2.414587276695981,3.600861224160897,-1.834614945996772,magnitude
3S9D_A_B,"TB33A,LA8A",1.7303963432100085,1.535715069474054,3.5769590603342576,0.3108476476501951,magnitude
3S9D_A_B,"TB33A,LA19A",1.7303963432100085,1.1048137921769414,3.3932894083190166,0.5580792729320669,magnitude
3S9D_A_B,"TB33A,FA20A",1.7303963432100085,0.7102737901603172,3.0200735395217118,0.5794034061513855,magnitude
3S9D_A_B,"TB33A,LA23A",1.7303963432100085,3.8081848788569688,5.958701490586169,0.4201202685191916,magnitude
3S9D_A_B,"TB33A,RA115A",1.7303963432100085,2.146532325347154,4.046431141472861,0.1695024729156982,additive
3S9D_A_B,"TB33A,AA116G",1.7303963432100085,2.104468662793607,4.349445614818168,0.514580608814553,magnitude
3S9D_A_B,"TB33A,MA119A",1.7303963432100085,2.253733465942077,4.461986926352455,0.4778571172003696,magnitude
3S9D_A_B,"TB33A,RA120A",1.7303963432100085,3.020888893461688,5.2662497155729975,0.5149644789013008,magnitude
3S9D_A_B,"TB33A,SA123A",1.7303963432100085,1.1221820060719814,3.061892330108986,0.2093139808269963,additive
3S9D_A_B,"TB33A,LA124A",1.7303963432100085,1.446903460036029,3.31090864410249,0.1336088408564522,additive
3S9D_A_B,"IB34A,RA115A",1.8517174108220256,2.146532325347154,4.2692760789941335,0.2710263428249537,additive
3S9D_A_B,"IB34A,AA116G",1.8517174108220256,2.104468662793607,4.472024230916105,0.5158381573004727,magnitude
3S9D_A_B,"IB34A,MA119A",1.8517174108220256,2.253733465942077,4.233155934187034,0.1277050574229319,additive
3S9D_A_B,"IB34A,RA120A",1.8517174108220256,3.020888893461688,4.999519015760388,0.1269127114766739,additive
3S9D_A_B,"IB34A,SA123A",1.8517174108220256,1.1221820060719814,3.00545090048572,0.0315514835917132,additive
3S9D_A_B,"IB34A,LA124A",1.8517174108220256,1.446903460036029,3.5597930238653044,0.2611721530072497,additive
3S9D_A_B,"WB87A,RA5A",1.111755568204446,0.6215920900530991,2.339874342116886,0.6065266838593408,magnitude
3S9D_A_B,"WB87A,LA8A",1.111755568204446,1.535715069474054,3.075200458523096,0.4277298208445956,magnitude
3S9D_A_B,"WB87A,MA119A",1.111755568204446,2.253733465942077,3.8446186807953815,0.4791296466488584,magnitude
3S9D_A_B,"WB87A,SA123A",1.111755568204446,1.1221820060719814,2.7503469473565243,0.5164093730800969,magnitude
3S9D_A_B,"WB87A,LA124A",1.111755568204446,1.446903460036029,2.9430577947148464,0.3843987664743711,magnitude
3S9D_A_B,"IB90A,LA8A",1.616411181096633,1.535715069474054,3.7387997636627,0.5866735130920131,magnitude
3S9D_A_B,"IB90A,LA19A",1.616411181096633,1.1048137921769414,3.0343437912863696,0.313118818012795,magnitude
3S9D_A_B,"IB90A,FA20A",1.616411181096633,0.7102737901603172,2.8150133257539447,0.4883283544969945,magnitude
3S9D_A_B,"IB90A,LA23A",1.616411181096633,3.8081848788569688,5.447092694956381,0.0224966350027786,additive
3S9D_A_B,"IB90A,RA115A",1.616411181096633,2.146532325347154,3.5238919235556168,-0.2390515828881705,additive
3S9D_A_B,"IB90A,MA119A",1.616411181096633,2.253733465942077,4.0335289580919325,0.1633843110532225,additive
3S9D_A_B,"IB90A,RA120A",1.616411181096633,3.020888893461688,4.906272839487927,0.2689727649296056,additive
3S9D_A_B,"IB90A,SA123A",1.616411181096633,1.1221820060719814,3.2553504164207143,0.5167572292520997,magnitude
3S9D_A_B,"IB90A,LA124A",1.616411181096633,1.446903460036029,3.3452479321873283,0.2819332910546657,additive
3S9D_A_B,"DB91A,LA19A",1.3373228565857709,1.1048137921769414,2.9430577947148464,0.5009211459521343,magnitude
3S9D_A_B,"DB91A,FA20A",1.3373228565857709,0.7102737901603172,2.383760104408224,0.3361634576621362,magnitude
3S9D_A_B,"DB91A,RA115A",1.3373228565857709,2.146532325347154,3.670657226399857,0.186802044466932,additive
3S9D_A_B,"DB91A,SA123A",1.3373228565857709,1.1221820060719814,2.6777434715449155,0.2182386088871633,additive
3S9D_A_B,"DB91A,LA124A",1.3373228565857709,1.446903460036029,3.0200735395217118,0.2358472228999111,additive
3S9D_A_B,"MB35V,LA8A",2.3739668121147592,1.535715069474054,4.425452809636152,0.5157709280473384,magnitude
3S9D_A_B,"MB35V,LA19A",2.3739668121147592,1.1048137921769414,4.314786497426582,0.8360058931348817,magnitude
3S9D_A_B,"MB35V,LA23A",2.3739668121147592,3.8081848788569688,7.1107549781032064,0.9286032871314784,magnitude
3S9D_A_B,"MB35V,RA115A",2.3739668121147592,2.146532325347154,3.703434821644051,-0.8170643158178619,magnitude
3S9D_A_B,"MB35V,AA116G",2.3739668121147592,2.104468662793607,5.29792500832242,0.8194895334140542,magnitude
3S9D_A_B,"MB35V,MA119A",2.3739668121147592,2.253733465942077,5.454241918108662,0.8265416400518255,magnitude
3S9D_A_B,"MB35V,RA120A",2.3739668121147592,3.020888893461688,6.063968937750081,0.6691132321736344,magnitude
3S9D_A_B,"MB35V,SA123A",2.3739668121147592,1.1221820060719814,4.07871766214542,0.5825688439586791,magnitude
3S9D_A_B,"MB35V,LA124A",2.3739668121147592,1.446903460036029,4.531173836564131,0.7103035644133424,magnitude
3S9D_A_B,"EB66A,LA8A",2.414587276695981,1.535715069474054,4.090681438581496,0.1403790924114609,additive
3S9D_A_B,"EB66A,LA23A",2.414587276695981,3.8081848788569688,6.055448117477392,-0.1673240380755567,additive
3S9D_A_B,"EB66A,RA115A",2.414587276695981,2.146532325347154,4.656522695931578,0.0954030938884429,additive
3S9D_A_B,"EB66A,AA116G",2.414587276695981,2.104468662793607,5.039012766878827,0.5199568273892385,magnitude
3S9D_A_B,"EB66A,MA119A",2.414587276695981,2.253733465942077,4.978738399654305,0.3104176570162478,magnitude
3S9D_A_B,"EB66A,RA120A",2.414587276695981,3.020888893461688,3.6308313458324415,-1.8046448243252264,magnitude
3S9D_A_B,"EB66A,SA123A",2.414587276695981,1.1221820060719814,3.5421144933860007,0.0053452106180382,additive
3S9D_A_B,"EB66A,LA124A",2.414587276695981,1.446903460036029,3.768101200041471,-0.0933895366905392,additive
3S9D_A_B,"HB65A,RA5A",0.8233900501513373,0.6215920900530991,2.213398580807092,0.7684164406026555,magnitude
3S9D_A_B,"HB65A,LA8A",0.8233900501513373,1.535715069474054,4.014980204396513,1.6558750847711212,magnitude
3S9D_A_B,"HB65A,LA19A",0.8233900501513373,1.1048137921769414,3.0551244073924515,1.126920565064173,magnitude
3S9D_A_B,"HB65A,RA120A",0.8233900501513373,3.020888893461688,3.8446186807953815,0.0003397371823563,additive
3S9D_A_B,"HB65A,SA123A",0.8233900501513373,1.1221820060719814,1.1351762522203548,-0.810395804002964,magnitude
3S9D_A_B,"HB65A,LA124A",0.8233900501513373,1.446903460036029,2.938102227787808,0.6678087176004412,magnitude
3SE4_B_C,"KB134A,EC69A",1.7877737052893894,1.3822069016732788,1.9014192025848573,-1.268561404377811,magnitude
3SE4_B_C,"KB134R,EC69A",-0.9360898368951528,1.3822069016732788,1.4008533238193923,0.9547362590412662,magnitude
3SGB_E_I,"TI11K,LI12R",2.007422745361014,3.320274424221919,5.2337001812522645,-0.0939969883306686,additive
3SGB_E_I,"TI11R,LI12R",1.9453999274184712,3.320274424221919,5.4750998079324855,0.2094254562920952,additive
3SGB_E_I,"AI9R,LI12R",2.007422745361014,3.320274424221919,5.084928526985535,-0.2427686425973982,additive
3SGB_E_I,"NI22S,GI26A",0.0097105500126805,1.2755504933631086,1.3116715126547385,0.0264104692789493,additive
3SGB_E_I,"AI9D,GI26A",0.4697733363425923,1.2755504933631086,1.066076263088672,-0.6792475666170288,magnitude
3SGB_E_I,"AI9T,LI12M",0.3264823377903897,0.44699928974554,0.4697733363425923,-0.3037082911933375,magnitude
3SGB_E_I,"LI12I,GI26D",4.419125741832809,1.602459839520565,5.7643833961314215,-0.2572021852219519,additive
3SGB_E_I,"LI12M,YI14Q",0.44699928974554,3.2355577012276218,3.724125554320589,0.0415685633474276,additive
3SGB_E_I,"LI12M,GI26D",0.44699928974554,1.602459839520565,2.2436099139945456,0.1941507847284405,additive
3SGB_E_I,"AI9D,LI12A",0.4697733363425923,2.9315145061003243,2.5833429864599458,-0.817944855982971,sign
3SGB_E_I,"TI11P,LI12K",3.1379583609214805,3.1379583609214805,6.232677331618775,-0.0432393902241861,additive
3SGB_E_I,"AI9V,TI11S",-0.7121267912864551,2.467831533850074,1.5854005844822467,-0.170304158081372,additive
3SGB_E_I,"AI9R,LI12R",2.007422745361014,3.320274424221919,5.069383208619202,-0.258313960963731,additive
3VR6_ABCDEF_GH,"RG134A,RG135A",0.8301265849665803,0.8988629917012232,1.399461579836853,-0.3295279968309506,magnitude
4B0M_A_BM,"PM98S,PM99A",0.7577358581394761,1.9149202571423896,2.0716228307599103,-0.6010332845219555,magnitude
4B0M_A_BM,"YM9G,YM37A",0.6289868242031361,1.6522001288300892,2.2037654945681595,-0.0774214584650656,additive
4CVW_A_C,"LC34G,VC35D",2.727120959054331,4.9186348585698125,7.741997381122704,0.0962415634985598,additive
4FTV_ABC_DE,"KD66A,TA163A",-1.578864298781066,0.3609574158828411,-2.129505455526239,-0.911598572628014,sign
4FTV_ABC_DE,"DD93A,RA65A",0.8965439365937671,3.506028973889679,1.4012578185536244,-3.001315091929822,sign
4FTV_ABC_DE,"DD93A,RA65A",0.8965439365937671,3.506028973889679,0.9256375829627708,-3.476935327520676,sign
4G0N_A_B,"TB15A,IA21A",1.8284231554010453,0.9000621405898344,2.200238502977052,-0.5282467930138277,magnitude
4G0N_A_B,"VB16A,IA21A",1.1657032075508929,0.9000621405898344,1.602701723735008,-0.4630636244057193,magnitude
4G0N_A_B,"VB35A,IA21A",-0.0036240189415208,0.9000621405898344,0.3003212380186453,-0.5961168836296682,magnitude
4G0N_A_B,"VB35A,HA27A",-0.0036240189415208,-0.3003155285767518,0.1989232128945741,0.5028627604128468,magnitude
4G0N_A_B,"RB6A,EA31A",2.15853821002602,0.9445348583119056,2.200238502977052,-0.9028345653608736,magnitude
4G0N_A_B,"TB15A,EA31A",1.8284231554010453,0.9445348583119056,1.602701723735008,-1.170256289977943,magnitude
4G0N_A_B,"KB31A,EA31A",2.6069167614501656,0.9445348583119056,2.100273959902132,-1.451177659859939,sign
4G0N_A_B,"RB6A,DA33A",2.15853821002602,0.8945079363057303,2.5998927855293723,-0.4531533608023781,magnitude
4G0N_A_B,"KB31A,DA33A",2.6069167614501656,0.8945079363057303,2.7002905917243067,-0.8011341060315891,magnitude
4G0N_A_B,"RB6A,IA36A",2.15853821002602,1.8006416449058924,4.398665371451632,0.4394855165197198,magnitude
4G0N_A_B,"TB15A,IA36A",1.8284231554010453,1.8006416449058924,3.099976233935044,-0.5290885663718936,magnitude
4G0N_A_B,"VB16A,IA36A",1.1657032075508929,1.8006416449058924,2.7002905917243067,-0.2660542607324787,additive
4G0N_A_B,"RB6A,EA37A",2.15853821002602,1.8006416449058924,2.4004633069623025,-1.55871654796961,magnitude
4G0N_A_B,"TB15A,EA37A",1.8284231554010453,1.8006416449058924,2.8999824515925026,-0.7290823487144351,magnitude
4G0N_A_B,"VB16A,EA37A",1.1657032075508929,1.8006416449058924,2.8000394625412146,-0.1663053899155708,additive
4G0N_A_B,"KB31A,EA37A",2.6069167614501656,1.8006416449058924,3.499639107088185,-0.9079192992678728,magnitude
4G0N_A_B,"RB6A,DA38A",2.15853821002602,2.9170496251907347,4.598804626644794,-0.4767832085719607,magnitude
4G0N_A_B,"TB15A,DA38A",1.8284231554010453,2.9170496251907347,3.099976233935044,-1.645496546656736,magnitude
4G0N_A_B,"QB13A,SA39A",2.242348225987472,0.3003212380186453,2.100273959902132,-0.4423955041039851,magnitude
4G0N_A_B,"RB14A,SA39A",1.9412292300142928,0.3003212380186453,2.300547512151675,0.0589970441187372,additive
4G0N_A_B,"TB15A,SA39A",1.8284231554010453,0.3003212380186453,2.00138323941423,-0.1273611540054608,additive
4G0N_A_B,"NB11A,RA41A",0.680636833122901,-0.3537445198417294,-0.5998166412505171,-0.9267089545316888,magnitude
4G0N_A_B,"QB13A,RA41A",2.242348225987472,-0.3537445198417294,1.3001632943431576,-0.5884404118025846,magnitude
4G0N_A_B,"NB11A,VA45A",0.680636833122901,-0.3003155285767518,0.0,-0.3803213045461492,magnitude
4G0N_A_B,"QB13A,VA45A",2.242348225987472,-0.3003155285767518,1.602701723735008,-0.3393309736757119,magnitude
4G0N_A_B,"RB14A,VA45A",1.9412292300142928,-0.3003155285767518,1.8006416449058924,0.1597279434683514,additive
4G0N_A_B,"TB15A,VA45A",1.8284231554010453,-0.3003155285767518,1.1002133259404323,-0.4278943008838609,magnitude
4G0N_A_B,"FB8W,NB18R",0.6031834525979604,-0.6979839211583311,-0.2875113159186923,-0.1927108473583215,additive
4G0N_A_B,"NB18R,AB32K",-0.6979839211583311,-1.1084565263979698,-1.2788180499991015,0.5276223975571992,magnitude
4G0N_A_B,"TA35A,NB18R",2.662175354788867,-0.6979839211583311,2.098886595933375,0.1346951623028389,additive
4G0N_A_B,"TA35A,AB32K",2.662175354788867,-1.1084565263979698,2.577644761451164,1.0239259330602664,magnitude
4G0N_A_B,"RB6A,NB11D",2.15853821002602,1.8081602842233375,3.4196754937274174,-0.5470230005219405,magnitude
4G2V_A_B,"RA198E,NA260R",2.236032678213434,0.2218885118081231,2.28343291249362,-0.1744882775279377,additive
4GNK_A_B,"KA294A,LB764A",0.0989272224871767,-1.4200019091504317,-1.552144572958681,-0.2310698862954259,additive
4GXU_ABCDEF_MN,"DA189E,DA224G",2.1650879900186477,1.960878008689828,3.010207446475916,-1.1157585522325588,magnitude
4J2L_A_CD,"VA23A,SA34D",0.0898503915241987,-0.9700571382702032,2.2656685889258643,3.145875335671869,sign
4J2L_A_CD,"VA23A,LA118E",0.0898503915241987,-0.6308422991031167,0.4366508693467312,0.9776427769256492,sign
4J2L_A_CD,"SA34D,LA118E",-0.9700571382702032,-0.6308422991031167,0.6966957179268267,2.297595155300147,reciprocal-sign
4K71_A_BC,"GA503E,AA545V",0.741869683449669,1.4703350544303315,2.848104995146047,0.6359002572660466,magnitude
4L3E_ABC_DE,"RA65A,YE48A",1.3011673737562917,2.2273330305826,3.807594951159911,0.2790945468210197,additive
4L3E_ABC_DE,"RA65A,YD26A",1.3011673737562917,2.783562388677597,4.438760938050261,0.3540311756163721,magnitude
4L3E_ABC_DE,"YD26A,RA65A",2.783562388677597,1.3011673737562917,4.369011380012886,0.2842816175789968,additive
4L3E_ABC_DE,"YD50A,QA155A",0.4677887570189927,1.2584737549356992,1.0900255990475805,-0.6362369129071115,magnitude
4L3E_ABC_DE,"ND52A,EA166A",-0.4595399661161476,1.2169735193411018,1.091193629782357,0.3337600765574029,magnitude
4NKQ_C_AB,"RB80D,KB90D",-0.0773515467960159,-0.1992544144017809,1.3131311501923684,1.5897371113901653,magnitude
4NKQ_C_AB,"DC99K,RB80D",-0.3313970782100301,-0.0773515467960159,0.1763736238896009,0.585122248895647,magnitude
4NKQ_C_AB,"DC99K,DB87R",-0.3313970782100301,0.2026973705651686,0.8148714465481223,0.9435711541929838,sign
4NKQ_C_AB,"DC99K,KB90D",-0.3313970782100301,-0.1992544144017809,-0.5017586018111618,0.0288928908006492,additive
4OFY_A_D,"QA34A,FA40A",1.176229691943357,4.6023929938712005,4.138853251852921,-1.6397694339616369,sign
4RA0_A_C,"AC66V,RC101G",0.9307385505303366,0.2473772684079965,0.9530878742875268,-0.2250279446508064,additive
4RS1_A_B,"LA95A,FA99A",2.3645278975439497,3.6247016980885673,4.121056650035971,-1.8681729455965463,magnitude
4RS1_A_B,"EA25K,DA28K",2.139179667275935,3.617815727570984,4.121056650035971,-1.6359387448109477,magnitude
4RS1_A_B,"EA25K,DA92K",2.139179667275935,3.4769729400058145,4.121056650035971,-1.4950959572457787,magnitude
4RS1_A_B,"DA28K,DA92K",3.617815727570984,3.4769729400058145,4.121056650035971,-2.9737320175408275,magnitude
4WND_A_B,"RA201E,NA263R",2.79459724446516,-0.0207806161060821,3.855653536582945,1.0818369082238668,magnitude
5E9D_AB_CDE,"GD27E,TD90Q",-0.4791425152259101,-0.5736733790504608,-1.5499872416401814,-0.4971713473638104,magnitude
5E9D_AB_CDE,"GD27E,VE49D",-0.4791425152259101,-0.4324895198991307,-1.2019077421714166,-0.2902757070463757,additive
5E9D_AB_CDE,"GD27E,AE98Y",-0.4791425152259101,-0.8994035547620357,-1.3098761600016744,0.0686699099862713,additive
5E9D_AB_CDE,"TD90Q,AE98Y",-0.5736733790504608,-0.8994035547620357,-1.271657300208792,0.2014196336037046,additive
5M2O_A_B,"VB21A,QB25A",2.524718919218018,1.1828013949103142,3.427392717841423,-0.2801275962869094,additive
5M2O_A_B,"EA80A,HA117A",0.7230160789788493,0.9122574950793212,2.613705113372529,0.9784315393143586,magnitude
5M2O_A_B,"NA71A,HA117A",0.1599706122620608,0.9122574950793212,2.362499093838887,1.290270986497505,magnitude
5M2O_A_B,"NA71A,NA120A",0.1599706122620608,0.4647861108482505,2.540856998448592,1.9161002753382808,magnitude
5M2O_A_B,"NA71A,EA80A",0.1599706122620608,0.7230160789788493,1.0629941976641823,0.1800075064232722,additive
5M2O_A_B,"EA80A,HA117A",0.7230160789788493,0.9122574950793212,2.613705113372529,0.9784315393143586,magnitude
5M2O_A_B,"EA80A,NA120A",0.7230160789788493,0.4647861108482505,1.2510432029997285,0.0632410131726284,additive
5M2O_A_B,"HA117A,NA120A",0.9122574950793212,0.4647861108482505,2.416389236406243,1.0393456304786717,magnitude
5UFE_A_B,"GA12D,QB25R",-1.2733381766812295,0.2922917698699311,-0.9746679184909997,0.0063784883202988,additive
5XCO_A_B,"DA13C,PB6A",0.8108794702577983,1.0785390907189225,2.408884128925016,0.5194655679482949,magnitude
5XCO_A_B,"DA13C,LB7A",0.8108794702577983,2.7467532583530447,2.79613074586246,-0.7615019827483831,magnitude
5XCO_A_B,"DA13C,YB8A",0.8108794702577983,1.3635604795271654,2.617820286911887,0.4433803371269236,magnitude
5XCO_A_B,"DA13C,IB9A",0.8108794702577983,2.79613074586246,2.79613074586246,-0.8108794702577984,magnitude
5XCO_A_B,"DA13C,SB10A",0.8108794702577983,1.285434731036357,2.463251346998604,0.366937145704449,magnitude
5XCO_A_B,"DA13C,YB11A",0.8108794702577983,1.8994843011982,2.79613074586246,0.0857669744064621,additive
5XCO_A_B,"DA13C,DB12A",0.8108794702577983,2.79613074586246,2.79613074586246,-0.8108794702577984,magnitude
5XCO_A_B,"DA13C,PB13A",0.8108794702577983,0.6348510441582113,1.7468013080763718,0.3010707936603622,magnitude
5XCO_A_B,"DA13C,VB14A",0.8108794702577983,0.0,0.8595797858329316,0.0487003155751333,additive
5XCO_A_B,"DA13G,PB6A",1.10999002779527,1.0785390907189225,2.452769891216353,0.2642407727021609,additive
5XCO_A_B,"DA13G,LB7A",1.10999002779527,2.7467532583530447,2.79613074586246,-1.0606125402858546,magnitude
5XCO_A_B,"DA13G,YB8A",1.10999002779527,1.3635604795271654,2.740281207135045,0.2667306998126104,additive
5XCO_A_B,"DA13G,IB9A",1.10999002779527,2.79613074586246,2.79613074586246,-1.10999002779527,magnitude
5XCO_A_B,"DA13G,SB10A",1.10999002779527,1.285434731036357,2.7901790697148523,0.3947543108832252,magnitude
5XCO_A_B,"DA13G,YB11A",1.10999002779527,1.8994843011982,2.79613074586246,-0.2133435831310097,additive
5XCO_A_B,"DA13G,DB12A",1.10999002779527,2.79613074586246,2.79613074586246,-1.10999002779527,magnitude
5XCO_A_B,"DA13G,PB13A",1.10999002779527,0.6348510441582113,2.121372813006323,0.3765317410528421,magnitude
5XCO_A_B,"DA13G,VB14A",1.10999002779527,0.0,1.322228351171361,0.2122383233760911,additive
