DMS_id,mutant,prediction
AMFR_HUMAN_Tsuboyama_2023_4G3O,D28A:N41A,7.138655186
AMFR_HUMAN_Tsuboyama_2023_4G3O,D28A:N41C,6.959697723
AMFR_HUMAN_Tsuboyama_2023_4G3O,D28A:N41D,3.105278015
AMFR_HUMAN_Tsuboyama_2023_4G3O,D28A:N41E,5.52703166
AMFR_HUMAN_Tsuboyama_2023_4G3O,D28A:N41F,10.10581446
AMFR_HUMAN_Tsuboyama_2023_4G3O,D28A:N41G,4.794243574
AMFR_HUMAN_Tsuboyama_2023_4G3O,D28A:N41H,3.455431461
AMFR_HUMAN_Tsuboyama_2023_4G3O,D28A:N41I,10.54954338
AMFR_HUMAN_Tsuboyama_2023_4G3O,D28A:N41K,0.4197525978
AMFR_HUMAN_Tsuboyama_2023_4G3O,D28A:N41L,12.25159144
AMFR_HUMAN_Tsuboyama_2023_4G3O,D28A:N41M,12.88396192
AMFR_HUMAN_Tsuboyama_2023_4G3O,D28A:N41P,6.70906949
AMFR_HUMAN_Tsuboyama_2023_4G3O,D28A:N41Q,5.980076075
AMFR_HUMAN_Tsuboyama_2023_4G3O,D28A:N41R,-2.865903139
AMFR_HUMAN_Tsuboyama_2023_4G3O,D28A:N41S,2.727785349
AMFR_HUMAN_Tsuboyama_2023_4G3O,D28A:N41T,4.291587114
AMFR_HUMAN_Tsuboyama_2023_4G3O,D28A:N41V,7.90406394
AMFR_HUMAN_Tsuboyama_2023_4G3O,D28A:N41W,12.60708594
AMFR_HUMAN_Tsuboyama_2023_4G3O,D28A:N41Y,9.025299191
AMFR_HUMAN_Tsuboyama_2023_4G3O,D28A:T32A,-0.7010432482
AMFR_HUMAN_Tsuboyama_2023_4G3O,D28A:T32D,4.958435535
AMFR_HUMAN_Tsuboyama_2023_4G3O,D28A:T32E,4.889071465
AMFR_HUMAN_Tsuboyama_2023_4G3O,D28A:T32F,-0.4149399996
AMFR_HUMAN_Tsuboyama_2023_4G3O,D28A:T32G,1.028181195
AMFR_HUMAN_Tsuboyama_2023_4G3O,D28A:T32H,0.258505106
AMFR_HUMAN_Tsuboyama_2023_4G3O,D28A:T32I,-1.126123905
AMFR_HUMAN_Tsuboyama_2023_4G3O,D28A:T32K,-0.7696511745
AMFR_HUMAN_Tsuboyama_2023_4G3O,D28A:T32L,-2.198514223
AMFR_HUMAN_Tsuboyama_2023_4G3O,D28A:T32M,-1.21661973
AMFR_HUMAN_Tsuboyama_2023_4G3O,D28A:T32N,0.9059934616
AMFR_HUMAN_Tsuboyama_2023_4G3O,D28A:T32P,1.570238113
AMFR_HUMAN_Tsuboyama_2023_4G3O,D28A:T32Q,1.381267786
AMFR_HUMAN_Tsuboyama_2023_4G3O,D28A:T32R,-2.92148602
AMFR_HUMAN_Tsuboyama_2023_4G3O,D28A:T32S,0.3835511208
AMFR_HUMAN_Tsuboyama_2023_4G3O,D28A:T32V,-0.5043132305
AMFR_HUMAN_Tsuboyama_2023_4G3O,D28A:T32W,-0.5055382252
AMFR_HUMAN_Tsuboyama_2023_4G3O,D28A:T32Y,0.40548563
AMFR_HUMAN_Tsuboyama_2023_4G3O,D28A:T38A,0.5635057688
AMFR_HUMAN_Tsuboyama_2023_4G3O,D28A:T38D,2.516690016
AMFR_HUMAN_Tsuboyama_2023_4G3O,D28A:T38E,2.503834963
AMFR_HUMAN_Tsuboyama_2023_4G3O,D28A:T38F,1.204536915
AMFR_HUMAN_Tsuboyama_2023_4G3O,D28A:T38G,0.6722280979
AMFR_HUMAN_Tsuboyama_2023_4G3O,D28A:T38H,-2.825101852
AMFR_HUMAN_Tsuboyama_2023_4G3O,D28A:T38I,2.348409176
AMFR_HUMAN_Tsuboyama_2023_4G3O,D28A:T38K,-4.033002377
AMFR_HUMAN_Tsuboyama_2023_4G3O,D28A:T38L,2.851793528
AMFR_HUMAN_Tsuboyama_2023_4G3O,D28A:T38M,0.3573517799
AMFR_HUMAN_Tsuboyama_2023_4G3O,D28A:T38N,0.03530025482
AMFR_HUMAN_Tsuboyama_2023_4G3O,D28A:T38Q,-0.01421999931
AMFR_HUMAN_Tsuboyama_2023_4G3O,D28A:T38R,-7.143745899
AMFR_HUMAN_Tsuboyama_2023_4G3O,D28A:T38S,-2.108388424
AMFR_HUMAN_Tsuboyama_2023_4G3O,D28A:T38V,2.169548273
AMFR_HUMAN_Tsuboyama_2023_4G3O,D28A:T38W,-1.070515037
AMFR_HUMAN_Tsuboyama_2023_4G3O,D28A:T38Y,1.688163638
AMFR_HUMAN_Tsuboyama_2023_4G3O,D28C:N41C,8.855148435
AMFR_HUMAN_Tsuboyama_2023_4G3O,D28C:N41D,3.579652667
AMFR_HUMAN_Tsuboyama_2023_4G3O,D28C:N41E,6.838111758
AMFR_HUMAN_Tsuboyama_2023_4G3O,D28C:N41F,10.76704204
AMFR_HUMAN_Tsuboyama_2023_4G3O,D28C:N41G,3.342035413
AMFR_HUMAN_Tsuboyama_2023_4G3O,D28C:N41H,4.316707492
AMFR_HUMAN_Tsuboyama_2023_4G3O,D28C:N41L,11.80238497
AMFR_HUMAN_Tsuboyama_2023_4G3O,D28C:N41M,12.09530127
AMFR_HUMAN_Tsuboyama_2023_4G3O,D28C:N41P,6.677689672
AMFR_HUMAN_Tsuboyama_2023_4G3O,D28C:N41R,-1.92280829
AMFR_HUMAN_Tsuboyama_2023_4G3O,D28C:N41T,4.501888871
AMFR_HUMAN_Tsuboyama_2023_4G3O,D28C:N41W,12.71228182
AMFR_HUMAN_Tsuboyama_2023_4G3O,D28C:N41Y,10.19064236
AMFR_HUMAN_Tsuboyama_2023_4G3O,D28C:T38A,0.8712126017
AMFR_HUMAN_Tsuboyama_2023_4G3O,D28C:T38C,11.61558259
AMFR_HUMAN_Tsuboyama_2023_4G3O,D28C:T38E,-0.07906758785
AMFR_HUMAN_Tsuboyama_2023_4G3O,D28C:T38F,-0.002127289772
AMFR_HUMAN_Tsuboyama_2023_4G3O,D28C:T38H,-4.74144423
AMFR_HUMAN_Tsuboyama_2023_4G3O,D28C:T38I,-0.6716299057
AMFR_HUMAN_Tsuboyama_2023_4G3O,D28C:T38K,-5.734057426
AMFR_HUMAN_Tsuboyama_2023_4G3O,D28C:T38L,-0.3587628603
AMFR_HUMAN_Tsuboyama_2023_4G3O,D28C:T38M,-0.8426471949
AMFR_HUMAN_Tsuboyama_2023_4G3O,D28C:T38N,-1.095825076
AMFR_HUMAN_Tsuboyama_2023_4G3O,D28C:T38Q,-3.385083079
AMFR_HUMAN_Tsuboyama_2023_4G3O,D28C:T38R,-9.487414241
AMFR_HUMAN_Tsuboyama_2023_4G3O,D28C:T38S,-1.457819343
AMFR_HUMAN_Tsuboyama_2023_4G3O,D28C:T38V,-0.4073725939
AMFR_HUMAN_Tsuboyama_2023_4G3O,D28C:T38Y,-0.3211977482
AMFR_HUMAN_Tsuboyama_2023_4G3O,D28E:N41A,1.366372824
AMFR_HUMAN_Tsuboyama_2023_4G3O,D28E:N41C,1.584454179
AMFR_HUMAN_Tsuboyama_2023_4G3O,D28E:N41D,-2.319286585
AMFR_HUMAN_Tsuboyama_2023_4G3O,D28E:N41E,-1.924728155
AMFR_HUMAN_Tsuboyama_2023_4G3O,D28E:N41F,2.6586411
AMFR_HUMAN_Tsuboyama_2023_4G3O,D28E:N41G,-0.4670805931
AMFR_HUMAN_Tsuboyama_2023_4G3O,D28E:N41H,0.4116697311
AMFR_HUMAN_Tsuboyama_2023_4G3O,D28E:N41I,3.384662867
AMFR_HUMAN_Tsuboyama_2023_4G3O,D28E:N41K,1.358585358
AMFR_HUMAN_Tsuboyama_2023_4G3O,D28E:N41L,4.077849388
AMFR_HUMAN_Tsuboyama_2023_4G3O,D28E:N41M,4.280321121
AMFR_HUMAN_Tsuboyama_2023_4G3O,D28E:N41P,0.5731024742
AMFR_HUMAN_Tsuboyama_2023_4G3O,D28E:N41Q,0.9110164642
AMFR_HUMAN_Tsuboyama_2023_4G3O,D28E:N41R,-0.1468429565
AMFR_HUMAN_Tsuboyama_2023_4G3O,D28E:N41S,-0.0757586956
AMFR_HUMAN_Tsuboyama_2023_4G3O,D28E:N41T,0.4652676582
AMFR_HUMAN_Tsuboyama_2023_4G3O,D28E:N41V,1.773820877
AMFR_HUMAN_Tsuboyama_2023_4G3O,D28E:N41W,3.687886715
AMFR_HUMAN_Tsuboyama_2023_4G3O,D28E:N41Y,1.293772101
AMFR_HUMAN_Tsuboyama_2023_4G3O,D28E:T32A,0.1329666376
AMFR_HUMAN_Tsuboyama_2023_4G3O,D28E:T32D,0.2647154331
AMFR_HUMAN_Tsuboyama_2023_4G3O,D28E:T32E,-0.07229173183
AMFR_HUMAN_Tsuboyama_2023_4G3O,D28E:T32F,-1.755893469
AMFR_HUMAN_Tsuboyama_2023_4G3O,D28E:T32G,1.046721101
AMFR_HUMAN_Tsuboyama_2023_4G3O,D28E:T32H,-1.60513854
AMFR_HUMAN_Tsuboyama_2023_4G3O,D28E:T32I,0.291323781
AMFR_HUMAN_Tsuboyama_2023_4G3O,D28E:T32K,-0.04334330559
AMFR_HUMAN_Tsuboyama_2023_4G3O,D28E:T32L,-0.5057585239
AMFR_HUMAN_Tsuboyama_2023_4G3O,D28E:T32M,-0.5869940519
AMFR_HUMAN_Tsuboyama_2023_4G3O,D28E:T32N,-0.3888165951
AMFR_HUMAN_Tsuboyama_2023_4G3O,D28E:T32P,-0.01857471466
AMFR_HUMAN_Tsuboyama_2023_4G3O,D28E:T32Q,0.4215881824
AMFR_HUMAN_Tsuboyama_2023_4G3O,D28E:T32R,-0.4010970592
AMFR_HUMAN_Tsuboyama_2023_4G3O,D28E:T32S,0.3021702766
AMFR_HUMAN_Tsuboyama_2023_4G3O,D28E:T32V,0.4096523523
AMFR_HUMAN_Tsuboyama_2023_4G3O,D28E:T32W,-1.455802441
AMFR_HUMAN_Tsuboyama_2023_4G3O,D28E:T32Y,-1.771750927
AMFR_HUMAN_Tsuboyama_2023_4G3O,D28E:T38A,-0.08779335022
BBC1_YEAST_Tsuboyama_2023_1TG0,D45A:N47A,-4.299531698
BBC1_YEAST_Tsuboyama_2023_1TG0,D45A:N47C,-1.708569407
BBC1_YEAST_Tsuboyama_2023_1TG0,D45A:N47D,-0.1611037254
BBC1_YEAST_Tsuboyama_2023_1TG0,D45A:N47E,-4.635369182
BBC1_YEAST_Tsuboyama_2023_1TG0,D45A:N47F,-6.344817162
BBC1_YEAST_Tsuboyama_2023_1TG0,D45A:N47G,-1.344468594
BBC1_YEAST_Tsuboyama_2023_1TG0,D45A:N47H,-4.344828486
BBC1_YEAST_Tsuboyama_2023_1TG0,D45A:N47I,-2.884933352
BBC1_YEAST_Tsuboyama_2023_1TG0,D45A:N47K,-5.241755366
BBC1_YEAST_Tsuboyama_2023_1TG0,D45A:N47L,-5.641254306
BBC1_YEAST_Tsuboyama_2023_1TG0,D45A:N47M,-5.120607853
BBC1_YEAST_Tsuboyama_2023_1TG0,D45A:N47P,-0.5000383854
BBC1_YEAST_Tsuboyama_2023_1TG0,D45A:N47Q,-5.51486218
BBC1_YEAST_Tsuboyama_2023_1TG0,D45A:N47R,-5.344820023
BBC1_YEAST_Tsuboyama_2023_1TG0,D45A:N47S,-1.314680696
BBC1_YEAST_Tsuboyama_2023_1TG0,D45A:N47T,-0.7148351669
BBC1_YEAST_Tsuboyama_2023_1TG0,D45A:N47V,-3.807211161
BBC1_YEAST_Tsuboyama_2023_1TG0,D45A:N47W,-4.380200148
BBC1_YEAST_Tsuboyama_2023_1TG0,D45A:N47Y,-5.730960727
BBC1_YEAST_Tsuboyama_2023_1TG0,D45C:N47A,-2.850483537
BBC1_YEAST_Tsuboyama_2023_1TG0,D45C:N47C,7.102586389
BBC1_YEAST_Tsuboyama_2023_1TG0,D45C:N47D,-0.5078097582
BBC1_YEAST_Tsuboyama_2023_1TG0,D45C:N47E,-3.450879693
BBC1_YEAST_Tsuboyama_2023_1TG0,D45C:N47F,-5.107061625
BBC1_YEAST_Tsuboyama_2023_1TG0,D45C:N47G,-1.245887518
BBC1_YEAST_Tsuboyama_2023_1TG0,D45C:N47H,-3.847318888
BBC1_YEAST_Tsuboyama_2023_1TG0,D45C:N47I,-2.119736314
BBC1_YEAST_Tsuboyama_2023_1TG0,D45C:N47K,-3.282701373
BBC1_YEAST_Tsuboyama_2023_1TG0,D45C:N47L,-3.229272366
BBC1_YEAST_Tsuboyama_2023_1TG0,D45C:N47M,-3.44628334
BBC1_YEAST_Tsuboyama_2023_1TG0,D45C:N47P,-0.4563806057
BBC1_YEAST_Tsuboyama_2023_1TG0,D45C:N47Q,-3.506143212
BBC1_YEAST_Tsuboyama_2023_1TG0,D45C:N47R,-3.641676784
BBC1_YEAST_Tsuboyama_2023_1TG0,D45C:N47S,-1.139087498
BBC1_YEAST_Tsuboyama_2023_1TG0,D45C:N47T,-0.5754431486
BBC1_YEAST_Tsuboyama_2023_1TG0,D45C:N47V,-2.733574271
BBC1_YEAST_Tsuboyama_2023_1TG0,D45C:N47W,-3.531219482
BBC1_YEAST_Tsuboyama_2023_1TG0,D45C:N47Y,-4.349150777
BBC1_YEAST_Tsuboyama_2023_1TG0,D45E:N47A,-3.726617336
BBC1_YEAST_Tsuboyama_2023_1TG0,D45E:N47C,-1.126468778
BBC1_YEAST_Tsuboyama_2023_1TG0,D45E:N47D,-0.02141952515
BBC1_YEAST_Tsuboyama_2023_1TG0,D45E:N47E,-4.320701718
BBC1_YEAST_Tsuboyama_2023_1TG0,D45E:N47F,-5.355962276
BBC1_YEAST_Tsuboyama_2023_1TG0,D45E:N47G,-1.287545681
BBC1_YEAST_Tsuboyama_2023_1TG0,D45E:N47H,-4.139868736
BBC1_YEAST_Tsuboyama_2023_1TG0,D45E:N47I,-2.386339307
BBC1_YEAST_Tsuboyama_2023_1TG0,D45E:N47K,-4.533004642
BBC1_YEAST_Tsuboyama_2023_1TG0,D45E:N47L,-4.662972093
BBC1_YEAST_Tsuboyama_2023_1TG0,D45E:N47M,-4.466971159
BBC1_YEAST_Tsuboyama_2023_1TG0,D45E:N47P,-0.4624283314
BBC1_YEAST_Tsuboyama_2023_1TG0,D45E:N47Q,-4.994336724
BBC1_YEAST_Tsuboyama_2023_1TG0,D45E:N47R,-5.008620024
BBC1_YEAST_Tsuboyama_2023_1TG0,D45E:N47S,-0.2341828346
BBC1_YEAST_Tsuboyama_2023_1TG0,D45E:N47T,0.07811325788
BBC1_YEAST_Tsuboyama_2023_1TG0,D45E:N47V,-3.654799104
BBC1_YEAST_Tsuboyama_2023_1TG0,D45E:N47W,-3.780570507
BBC1_YEAST_Tsuboyama_2023_1TG0,D45E:N47Y,-4.922179461
BBC1_YEAST_Tsuboyama_2023_1TG0,D45F:N47A,-4.851163268
BBC1_YEAST_Tsuboyama_2023_1TG0,D45F:N47C,-1.420634866
BBC1_YEAST_Tsuboyama_2023_1TG0,D45F:N47D,-0.7574173212
BBC1_YEAST_Tsuboyama_2023_1TG0,D45F:N47E,-5.635926485
BBC1_YEAST_Tsuboyama_2023_1TG0,D45F:N47F,-6.842545152
BBC1_YEAST_Tsuboyama_2023_1TG0,D45F:N47G,-2.013844371
BBC1_YEAST_Tsuboyama_2023_1TG0,D45F:N47H,-5.498098016
BBC1_YEAST_Tsuboyama_2023_1TG0,D45F:N47I,-2.839835286
BBC1_YEAST_Tsuboyama_2023_1TG0,D45F:N47K,-5.736834764
BBC1_YEAST_Tsuboyama_2023_1TG0,D45F:N47L,-5.974001169
BBC1_YEAST_Tsuboyama_2023_1TG0,D45F:N47M,-5.243437886
BBC1_YEAST_Tsuboyama_2023_1TG0,D45F:N47P,-1.395364285
BBC1_YEAST_Tsuboyama_2023_1TG0,D45F:N47Q,-6.13635397
BBC1_YEAST_Tsuboyama_2023_1TG0,D45F:N47R,-5.720711946
BBC1_YEAST_Tsuboyama_2023_1TG0,D45F:N47S,-0.5848371983
BBC1_YEAST_Tsuboyama_2023_1TG0,D45F:N47T,-0.5166218281
BBC1_YEAST_Tsuboyama_2023_1TG0,D45F:N47V,-4.080617309
BBC1_YEAST_Tsuboyama_2023_1TG0,D45F:N47W,-5.757419705
BBC1_YEAST_Tsuboyama_2023_1TG0,D45F:N47Y,-6.639810443
BBC1_YEAST_Tsuboyama_2023_1TG0,D45G:N47A,-1.59911871
BBC1_YEAST_Tsuboyama_2023_1TG0,D45G:N47C,-1.522645712
BBC1_YEAST_Tsuboyama_2023_1TG0,D45G:N47D,0.9418879747
BBC1_YEAST_Tsuboyama_2023_1TG0,D45G:N47E,-2.259116173
BBC1_YEAST_Tsuboyama_2023_1TG0,D45G:N47F,-3.091200352
BBC1_YEAST_Tsuboyama_2023_1TG0,D45G:N47G,0.3882517815
BBC1_YEAST_Tsuboyama_2023_1TG0,D45G:N47H,-1.90146327
BBC1_YEAST_Tsuboyama_2023_1TG0,D45G:N47I,-2.538238764
BBC1_YEAST_Tsuboyama_2023_1TG0,D45G:N47K,-1.707868576
BBC1_YEAST_Tsuboyama_2023_1TG0,D45G:N47L,-1.880474329
BBC1_YEAST_Tsuboyama_2023_1TG0,D45G:N47M,-2.237558722
BBC1_YEAST_Tsuboyama_2023_1TG0,D45G:N47P,-0.104339838
BBC1_YEAST_Tsuboyama_2023_1TG0,D45G:N47Q,-2.366995811
BBC1_YEAST_Tsuboyama_2023_1TG0,D45G:N47R,-1.870481372
BBC1_YEAST_Tsuboyama_2023_1TG0,D45G:N47S,-1.514722943
BBC1_YEAST_Tsuboyama_2023_1TG0,D45G:N47T,-1.632020712
BBC1_YEAST_Tsuboyama_2023_1TG0,D45G:N47V,-2.651483893
BBC1_YEAST_Tsuboyama_2023_1TG0,D45G:N47W,-2.886403561
BBC1_YEAST_Tsuboyama_2023_1TG0,D45G:N47Y,-2.996290445
BBC1_YEAST_Tsuboyama_2023_1TG0,D45H:N47A,-2.51223278
BBC1_YEAST_Tsuboyama_2023_1TG0,D45H:N47C,-0.8716369867
BBC1_YEAST_Tsuboyama_2023_1TG0,D45H:N47D,-1.052837253
BBC1_YEAST_Tsuboyama_2023_1TG0,D45H:N47E,-4.153958678
BBC1_YEAST_Tsuboyama_2023_1TG0,D45H:N47F,-5.298165202
BBC1_YEAST_Tsuboyama_2023_1TG0,D45H:N47G,-0.7773779631
BBC1_YEAST_Tsuboyama_2023_1TG0,D45H:N47H,-3.928519011
BBC1_YEAST_Tsuboyama_2023_1TG0,D45H:N47I,-1.77660203
BBC1_YEAST_Tsuboyama_2023_1TG0,D45H:N47K,-3.087244749
BBC1_YEAST_Tsuboyama_2023_1TG0,D45H:N47L,-2.947004318
BBC1_YEAST_Tsuboyama_2023_1TG0,D45H:N47M,-3.352388859
BBC1_YEAST_Tsuboyama_2023_1TG0,D45H:N47P,-0.7457954884
BBC1_YEAST_Tsuboyama_2023_1TG0,D45H:N47Q,-3.84195745
BBC1_YEAST_Tsuboyama_2023_1TG0,D45H:N47R,-3.041772366
BBC1_YEAST_Tsuboyama_2023_1TG0,D45H:N47S,0.2439650297
BBC1_YEAST_Tsuboyama_2023_1TG0,D45H:N47T,0.5455285311
BBC1_YEAST_Tsuboyama_2023_1TG0,D45H:N47V,-2.62415576
BBC1_YEAST_Tsuboyama_2023_1TG0,D45H:N47W,-4.232010961
BBC1_YEAST_Tsuboyama_2023_1TG0,D45H:N47Y,-4.706727147
BBC1_YEAST_Tsuboyama_2023_1TG0,D45I:N47A,-2.595452189
BBC1_YEAST_Tsuboyama_2023_1TG0,D45I:N47C,-1.23875916
BBC1_YEAST_Tsuboyama_2023_1TG0,D45I:N47D,-1.973146558
BBC1_YEAST_Tsuboyama_2023_1TG0,D45I:N47E,-3.489097714
BBC1_YEAST_Tsuboyama_2023_1TG0,D45I:N47F,-5.983336329
BBC1_YEAST_Tsuboyama_2023_1TG0,D45I:N47G,-1.161500216
BCHB_CHLTE_Tsuboyama_2023_2KRU,D28A:R32A,2.025918245
BCHB_CHLTE_Tsuboyama_2023_2KRU,D28A:R32C,0.04284095764
BCHB_CHLTE_Tsuboyama_2023_2KRU,D28A:R32D,1.954386353
BCHB_CHLTE_Tsuboyama_2023_2KRU,D28A:R32E,1.972416401
BCHB_CHLTE_Tsuboyama_2023_2KRU,D28A:R32F,1.215440035
BCHB_CHLTE_Tsuboyama_2023_2KRU,D28A:R32G,1.120550036
BCHB_CHLTE_Tsuboyama_2023_2KRU,D28A:R32H,0.9160487652
BCHB_CHLTE_Tsuboyama_2023_2KRU,D28A:R32I,1.035806537
BCHB_CHLTE_Tsuboyama_2023_2KRU,D28A:R32K,0.5239822865
BCHB_CHLTE_Tsuboyama_2023_2KRU,D28A:R32L,1.337270975
BCHB_CHLTE_Tsuboyama_2023_2KRU,D28A:R32M,0.8659791946
BCHB_CHLTE_Tsuboyama_2023_2KRU,D28A:R32N,1.034568787
BCHB_CHLTE_Tsuboyama_2023_2KRU,D28A:R32Q,0.8174979687
BCHB_CHLTE_Tsuboyama_2023_2KRU,D28A:R32S,0.9059576988
BCHB_CHLTE_Tsuboyama_2023_2KRU,D28A:R32T,0.4913566113
BCHB_CHLTE_Tsuboyama_2023_2KRU,D28A:R32V,0.8372268677
BCHB_CHLTE_Tsuboyama_2023_2KRU,D28A:R32W,0.8557909727
BCHB_CHLTE_Tsuboyama_2023_2KRU,D28A:R32Y,1.220979333
BCHB_CHLTE_Tsuboyama_2023_2KRU,D28C:R32A,1.437835336
BCHB_CHLTE_Tsuboyama_2023_2KRU,D28C:R32C,0.925052762
BCHB_CHLTE_Tsuboyama_2023_2KRU,D28C:R32D,1.998378277
BCHB_CHLTE_Tsuboyama_2023_2KRU,D28C:R32E,1.803331852
BCHB_CHLTE_Tsuboyama_2023_2KRU,D28C:R32F,0.7486983538
BCHB_CHLTE_Tsuboyama_2023_2KRU,D28C:R32G,0.848231554
BCHB_CHLTE_Tsuboyama_2023_2KRU,D28C:R32H,0.6314972639
BCHB_CHLTE_Tsuboyama_2023_2KRU,D28C:R32I,1.647390008
BCHB_CHLTE_Tsuboyama_2023_2KRU,D28C:R32K,0.7414057255
BCHB_CHLTE_Tsuboyama_2023_2KRU,D28C:R32L,1.626743078
BCHB_CHLTE_Tsuboyama_2023_2KRU,D28C:R32M,1.058906317
BCHB_CHLTE_Tsuboyama_2023_2KRU,D28C:R32N,1.650869608
BCHB_CHLTE_Tsuboyama_2023_2KRU,D28C:R32Q,0.8266329765
BCHB_CHLTE_Tsuboyama_2023_2KRU,D28C:R32S,0.8618688583
BCHB_CHLTE_Tsuboyama_2023_2KRU,D28C:R32T,0.8632731438
BCHB_CHLTE_Tsuboyama_2023_2KRU,D28C:R32V,1.497575283
BCHB_CHLTE_Tsuboyama_2023_2KRU,D28C:R32W,0.7678580284
BCHB_CHLTE_Tsuboyama_2023_2KRU,D28C:R32Y,1.178835869
BCHB_CHLTE_Tsuboyama_2023_2KRU,D28E:R32A,0.2527275085
BCHB_CHLTE_Tsuboyama_2023_2KRU,D28E:R32C,-0.5871427059
BCHB_CHLTE_Tsuboyama_2023_2KRU,D28E:R32D,-0.1615515947
BCHB_CHLTE_Tsuboyama_2023_2KRU,D28E:R32E,-0.08354401588
BCHB_CHLTE_Tsuboyama_2023_2KRU,D28E:R32F,0.8025072813
BCHB_CHLTE_Tsuboyama_2023_2KRU,D28E:R32G,-0.06989645958
BCHB_CHLTE_Tsuboyama_2023_2KRU,D28E:R32H,0.1648795605
BCHB_CHLTE_Tsuboyama_2023_2KRU,D28E:R32I,0.392565012
BCHB_CHLTE_Tsuboyama_2023_2KRU,D28E:R32K,-0.1726011038
BCHB_CHLTE_Tsuboyama_2023_2KRU,D28E:R32L,0.418598175
BCHB_CHLTE_Tsuboyama_2023_2KRU,D28E:R32M,-0.1061170101
BCHB_CHLTE_Tsuboyama_2023_2KRU,D28E:R32N,0.2424440384
BCHB_CHLTE_Tsuboyama_2023_2KRU,D28E:R32Q,-0.5036921501
BCHB_CHLTE_Tsuboyama_2023_2KRU,D28E:R32S,-0.3111970425
BCHB_CHLTE_Tsuboyama_2023_2KRU,D28E:R32T,-0.7721345425
BCHB_CHLTE_Tsuboyama_2023_2KRU,D28E:R32V,-0.02861833572
BCHB_CHLTE_Tsuboyama_2023_2KRU,D28E:R32W,0.2190293074
BCHB_CHLTE_Tsuboyama_2023_2KRU,D28E:R32Y,0.5476167202
BCHB_CHLTE_Tsuboyama_2023_2KRU,D28F:R32A,0.629642725
BCHB_CHLTE_Tsuboyama_2023_2KRU,D28F:R32C,3.372172832
BCHB_CHLTE_Tsuboyama_2023_2KRU,D28F:R32D,1.023717761
BCHB_CHLTE_Tsuboyama_2023_2KRU,D28F:R32E,1.933887959
BCHB_CHLTE_Tsuboyama_2023_2KRU,D28F:R32F,1.196240306
BCHB_CHLTE_Tsuboyama_2023_2KRU,D28F:R32G,0.4715714455
BCHB_CHLTE_Tsuboyama_2023_2KRU,D28F:R32H,0.9943692684
BCHB_CHLTE_Tsuboyama_2023_2KRU,D28F:R32I,1.766341805
BCHB_CHLTE_Tsuboyama_2023_2KRU,D28F:R32K,1.643357038
BCHB_CHLTE_Tsuboyama_2023_2KRU,D28F:R32L,2.812280059
BCHB_CHLTE_Tsuboyama_2023_2KRU,D28F:R32M,2.549509406
BCHB_CHLTE_Tsuboyama_2023_2KRU,D28F:R32N,2.135931015
BCHB_CHLTE_Tsuboyama_2023_2KRU,D28F:R32Q,2.56451726
BCHB_CHLTE_Tsuboyama_2023_2KRU,D28F:R32S,1.458291054
BCHB_CHLTE_Tsuboyama_2023_2KRU,D28F:R32T,2.341228247
BCHB_CHLTE_Tsuboyama_2023_2KRU,D28F:R32V,3.429251432
BCHB_CHLTE_Tsuboyama_2023_2KRU,D28F:R32W,1.443331361
BCHB_CHLTE_Tsuboyama_2023_2KRU,D28F:R32Y,1.759329081
BCHB_CHLTE_Tsuboyama_2023_2KRU,D28G:R32A,1.590759397
BCHB_CHLTE_Tsuboyama_2023_2KRU,D28G:R32C,-0.07617020607
BCHB_CHLTE_Tsuboyama_2023_2KRU,D28G:R32D,2.010592341
BCHB_CHLTE_Tsuboyama_2023_2KRU,D28G:R32E,1.726528406
BCHB_CHLTE_Tsuboyama_2023_2KRU,D28G:R32F,0.9214788675
BCHB_CHLTE_Tsuboyama_2023_2KRU,D28G:R32G,0.8910003901
BCHB_CHLTE_Tsuboyama_2023_2KRU,D28G:R32H,0.2848024368
BCHB_CHLTE_Tsuboyama_2023_2KRU,D28G:R32I,1.004841685
BCHB_CHLTE_Tsuboyama_2023_2KRU,D28G:R32K,0.4463822842
BCHB_CHLTE_Tsuboyama_2023_2KRU,D28G:R32L,1.286670685
BCHB_CHLTE_Tsuboyama_2023_2KRU,D28G:R32M,0.6996928453
BCHB_CHLTE_Tsuboyama_2023_2KRU,D28G:R32N,0.4936363697
BCHB_CHLTE_Tsuboyama_2023_2KRU,D28G:R32Q,0.4579024315
BCHB_CHLTE_Tsuboyama_2023_2KRU,D28G:R32S,0.6208527088
BCHB_CHLTE_Tsuboyama_2023_2KRU,D28G:R32T,0.3524112701
BCHB_CHLTE_Tsuboyama_2023_2KRU,D28G:R32V,1.121389508
BCHB_CHLTE_Tsuboyama_2023_2KRU,D28G:R32W,0.7481322289
BCHB_CHLTE_Tsuboyama_2023_2KRU,D28G:R32Y,0.8875249624
BCHB_CHLTE_Tsuboyama_2023_2KRU,D28H:R32A,1.572601557
BCHB_CHLTE_Tsuboyama_2023_2KRU,D28H:R32C,4.043347836
BCHB_CHLTE_Tsuboyama_2023_2KRU,D28H:R32D,2.593998313
BCHB_CHLTE_Tsuboyama_2023_2KRU,D28H:R32E,2.851240754
BCHB_CHLTE_Tsuboyama_2023_2KRU,D28H:R32F,2.301121593
BCHB_CHLTE_Tsuboyama_2023_2KRU,D28H:R32G,0.9048794508
BCHB_CHLTE_Tsuboyama_2023_2KRU,D28H:R32H,1.12749505
BCHB_CHLTE_Tsuboyama_2023_2KRU,D28H:R32I,4.512513518
BCHB_CHLTE_Tsuboyama_2023_2KRU,D28H:R32K,1.474836349
BCHB_CHLTE_Tsuboyama_2023_2KRU,D28H:R32L,4.643274069
BCHB_CHLTE_Tsuboyama_2023_2KRU,D28H:R32M,3.967839718
BCHB_CHLTE_Tsuboyama_2023_2KRU,D28H:R32N,2.176179409
BCHB_CHLTE_Tsuboyama_2023_2KRU,D28H:R32Q,2.588062763
BCHB_CHLTE_Tsuboyama_2023_2KRU,D28H:R32S,2.135842562
BCHB_CHLTE_Tsuboyama_2023_2KRU,D28H:R32T,3.439349651
BCHB_CHLTE_Tsuboyama_2023_2KRU,D28H:R32V,5.543972015
BCHB_CHLTE_Tsuboyama_2023_2KRU,D28H:R32W,2.027828097
BCHB_CHLTE_Tsuboyama_2023_2KRU,D28H:R32Y,1.845052719
BCHB_CHLTE_Tsuboyama_2023_2KRU,D28I:R32A,0.4136554003
BCHB_CHLTE_Tsuboyama_2023_2KRU,D28I:R32C,0.03090858459
BCHB_CHLTE_Tsuboyama_2023_2KRU,D28I:R32D,0.8930721283
BCHB_CHLTE_Tsuboyama_2023_2KRU,D28I:R32E,1.815083504
BCHB_CHLTE_Tsuboyama_2023_2KRU,D28I:R32F,-0.2231789827
BCHB_CHLTE_Tsuboyama_2023_2KRU,D28I:R32G,0.6505738497
BCHB_CHLTE_Tsuboyama_2023_2KRU,D28I:R32H,0.7116947174
BCHB_CHLTE_Tsuboyama_2023_2KRU,D28I:R32I,1.636151552
BCHB_CHLTE_Tsuboyama_2023_2KRU,D28I:R32K,1.014887333
BCHB_CHLTE_Tsuboyama_2023_2KRU,D28I:R32L,1.317373037
BCHB_CHLTE_Tsuboyama_2023_2KRU,D28I:R32M,1.027349472
BCHB_CHLTE_Tsuboyama_2023_2KRU,D28I:R32N,2.807048321
CATR_CHLRE_Tsuboyama_2023_2AMI,F14A:F63C,-0.8990392685
CATR_CHLRE_Tsuboyama_2023_2AMI,F14A:F63I,0.9954175949
CATR_CHLRE_Tsuboyama_2023_2AMI,F14A:F63L,-0.156036377
CATR_CHLRE_Tsuboyama_2023_2AMI,F14A:F63M,0.7611989975
CATR_CHLRE_Tsuboyama_2023_2AMI,F14A:F63V,-0.06592178345
CATR_CHLRE_Tsuboyama_2023_2AMI,F14A:F63W,1.934756756
CATR_CHLRE_Tsuboyama_2023_2AMI,F14A:F63Y,0.3802976608
CATR_CHLRE_Tsuboyama_2023_2AMI,F14A:F66C,-0.4683113098
CATR_CHLRE_Tsuboyama_2023_2AMI,F14A:F66I,1.681704998
CATR_CHLRE_Tsuboyama_2023_2AMI,F14A:F66L,1.338095188
CATR_CHLRE_Tsuboyama_2023_2AMI,F14A:F66W,1.477807045
CATR_CHLRE_Tsuboyama_2023_2AMI,F14A:F66Y,0.4731993675
CATR_CHLRE_Tsuboyama_2023_2AMI,F14C:F63A,-0.2957038879
CATR_CHLRE_Tsuboyama_2023_2AMI,F14C:F63C,0.4498057365
CATR_CHLRE_Tsuboyama_2023_2AMI,F14C:F63D,0.3893013
CATR_CHLRE_Tsuboyama_2023_2AMI,F14C:F63E,-0.2377233505
CATR_CHLRE_Tsuboyama_2023_2AMI,F14C:F63G,-0.541308403
CATR_CHLRE_Tsuboyama_2023_2AMI,F14C:F63H,-0.2923569679
CATR_CHLRE_Tsuboyama_2023_2AMI,F14C:F63I,0.8060750961
CATR_CHLRE_Tsuboyama_2023_2AMI,F14C:F63K,0.3296089172
CATR_CHLRE_Tsuboyama_2023_2AMI,F14C:F63L,-0.4934849739
CATR_CHLRE_Tsuboyama_2023_2AMI,F14C:F63M,0.05032253265
CATR_CHLRE_Tsuboyama_2023_2AMI,F14C:F63N,0.06566429138
CATR_CHLRE_Tsuboyama_2023_2AMI,F14C:F63P,-0.06875133514
CATR_CHLRE_Tsuboyama_2023_2AMI,F14C:F63Q,-0.3193407059
CATR_CHLRE_Tsuboyama_2023_2AMI,F14C:F63R,-0.3265480995
CATR_CHLRE_Tsuboyama_2023_2AMI,F14C:F63S,-0.1182136536
CATR_CHLRE_Tsuboyama_2023_2AMI,F14C:F63T,1.167171478
CATR_CHLRE_Tsuboyama_2023_2AMI,F14C:F63V,0.4474649429
CATR_CHLRE_Tsuboyama_2023_2AMI,F14C:F63W,1.082667351
CATR_CHLRE_Tsuboyama_2023_2AMI,F14C:F63Y,0.3415565491
CATR_CHLRE_Tsuboyama_2023_2AMI,F14C:F66A,-0.5879821777
CATR_CHLRE_Tsuboyama_2023_2AMI,F14C:F66C,-0.1765193939
CATR_CHLRE_Tsuboyama_2023_2AMI,F14C:F66I,1.742669106
CATR_CHLRE_Tsuboyama_2023_2AMI,F14C:F66L,1.170067787
CATR_CHLRE_Tsuboyama_2023_2AMI,F14C:F66M,0.4583325386
CATR_CHLRE_Tsuboyama_2023_2AMI,F14C:F66R,0.872095108
CATR_CHLRE_Tsuboyama_2023_2AMI,F14C:F66S,-0.7203722
CATR_CHLRE_Tsuboyama_2023_2AMI,F14C:F66T,0.6586341858
CATR_CHLRE_Tsuboyama_2023_2AMI,F14C:F66V,0.9804754257
CATR_CHLRE_Tsuboyama_2023_2AMI,F14C:F66W,0.5309281349
CATR_CHLRE_Tsuboyama_2023_2AMI,F14C:F66Y,-0.04416131973
CATR_CHLRE_Tsuboyama_2023_2AMI,F14D:F63C,0.275762558
CATR_CHLRE_Tsuboyama_2023_2AMI,F14D:F63I,0.6076879501
CATR_CHLRE_Tsuboyama_2023_2AMI,F14D:F63L,0.07179832458
CATR_CHLRE_Tsuboyama_2023_2AMI,F14D:F63W,0.99771595
CATR_CHLRE_Tsuboyama_2023_2AMI,F14E:F63C,0.7077865601
CATR_CHLRE_Tsuboyama_2023_2AMI,F14E:F63I,1.342169762
CATR_CHLRE_Tsuboyama_2023_2AMI,F14E:F63L,0.4401059151
CATR_CHLRE_Tsuboyama_2023_2AMI,F14E:F63V,1.362979412
CATR_CHLRE_Tsuboyama_2023_2AMI,F14E:F63W,0.6418848038
CATR_CHLRE_Tsuboyama_2023_2AMI,F14E:F66W,0.3656659126
CATR_CHLRE_Tsuboyama_2023_2AMI,F14G:F63C,-1.206441879
CATR_CHLRE_Tsuboyama_2023_2AMI,F14G:F63I,-0.270280838
CATR_CHLRE_Tsuboyama_2023_2AMI,F14G:F63L,-1.014855862
CATR_CHLRE_Tsuboyama_2023_2AMI,F14G:F63M,-0.0516371727
CATR_CHLRE_Tsuboyama_2023_2AMI,F14G:F63W,2.292344332
CATR_CHLRE_Tsuboyama_2023_2AMI,F14G:F66I,1.367155075
CATR_CHLRE_Tsuboyama_2023_2AMI,F14G:F66W,1.702897549
CATR_CHLRE_Tsuboyama_2023_2AMI,F14H:F63C,-0.7458925247
CATR_CHLRE_Tsuboyama_2023_2AMI,F14H:F63I,-0.44465065
CATR_CHLRE_Tsuboyama_2023_2AMI,F14H:F63L,-0.1819434166
CATR_CHLRE_Tsuboyama_2023_2AMI,F14H:F63V,-0.7966089249
CATR_CHLRE_Tsuboyama_2023_2AMI,F14H:F63W,0.6595926285
CATR_CHLRE_Tsuboyama_2023_2AMI,F14H:F63Y,-0.2079000473
CATR_CHLRE_Tsuboyama_2023_2AMI,F14H:F66C,-0.5772714615
CATR_CHLRE_Tsuboyama_2023_2AMI,F14H:F66I,0.2961072922
CATR_CHLRE_Tsuboyama_2023_2AMI,F14H:F66L,-0.003227233887
CATR_CHLRE_Tsuboyama_2023_2AMI,F14H:F66W,1.011778831
CATR_CHLRE_Tsuboyama_2023_2AMI,F14I:F63A,1.706393719
CATR_CHLRE_Tsuboyama_2023_2AMI,F14I:F63C,0.9041490555
CATR_CHLRE_Tsuboyama_2023_2AMI,F14I:F63G,1.730996609
CATR_CHLRE_Tsuboyama_2023_2AMI,F14I:F63H,1.390674114
CATR_CHLRE_Tsuboyama_2023_2AMI,F14I:F63I,2.261360645
CATR_CHLRE_Tsuboyama_2023_2AMI,F14I:F63K,0.9854865074
CATR_CHLRE_Tsuboyama_2023_2AMI,F14I:F63L,0.126812458
CATR_CHLRE_Tsuboyama_2023_2AMI,F14I:F63M,1.110390186
CATR_CHLRE_Tsuboyama_2023_2AMI,F14I:F63P,1.967486382
CATR_CHLRE_Tsuboyama_2023_2AMI,F14I:F63V,2.610669613
CATR_CHLRE_Tsuboyama_2023_2AMI,F14I:F63W,0.07429409027
CATR_CHLRE_Tsuboyama_2023_2AMI,F14I:F63Y,0.7226982117
CATR_CHLRE_Tsuboyama_2023_2AMI,F14I:F66C,0.7391138077
CATR_CHLRE_Tsuboyama_2023_2AMI,F14I:F66I,2.658529282
CATR_CHLRE_Tsuboyama_2023_2AMI,F14I:F66L,2.127691746
CATR_CHLRE_Tsuboyama_2023_2AMI,F14I:F66M,1.027830124
CATR_CHLRE_Tsuboyama_2023_2AMI,F14I:F66V,1.754958153
CATR_CHLRE_Tsuboyama_2023_2AMI,F14I:F66W,0.2130861282
CATR_CHLRE_Tsuboyama_2023_2AMI,F14I:F66Y,-0.6847100258
CATR_CHLRE_Tsuboyama_2023_2AMI,F14K:F63C,-0.1405434608
CATR_CHLRE_Tsuboyama_2023_2AMI,F14K:F63I,-0.09309530258
CATR_CHLRE_Tsuboyama_2023_2AMI,F14K:F63L,-0.7652139664
CATR_CHLRE_Tsuboyama_2023_2AMI,F14K:F63W,0.8409104347
CATR_CHLRE_Tsuboyama_2023_2AMI,F14K:F63Y,-0.06837654114
CATR_CHLRE_Tsuboyama_2023_2AMI,F14K:F66I,0.927257061
CATR_CHLRE_Tsuboyama_2023_2AMI,F14K:F66L,0.8221387863
CATR_CHLRE_Tsuboyama_2023_2AMI,F14K:F66W,0.3371324539
CATR_CHLRE_Tsuboyama_2023_2AMI,F14L:F63A,1.159828186
CATR_CHLRE_Tsuboyama_2023_2AMI,F14L:F63C,0.5473051071
CATR_CHLRE_Tsuboyama_2023_2AMI,F14L:F63E,0.5694756508
CATR_CHLRE_Tsuboyama_2023_2AMI,F14L:F63I,0.9360566139
CATR_CHLRE_Tsuboyama_2023_2AMI,F14L:F63K,0.5146737099
CATR_CHLRE_Tsuboyama_2023_2AMI,F14L:F63L,-0.1636562347
CATR_CHLRE_Tsuboyama_2023_2AMI,F14L:F63M,0.07832384109
CATR_CHLRE_Tsuboyama_2023_2AMI,F14L:F63R,0.3850865364
CATR_CHLRE_Tsuboyama_2023_2AMI,F14L:F63T,2.103813171
CATR_CHLRE_Tsuboyama_2023_2AMI,F14L:F63V,1.314005852
CATR_CHLRE_Tsuboyama_2023_2AMI,F14L:F63W,0.1350765228
CATR_CHLRE_Tsuboyama_2023_2AMI,F14L:F63Y,0.3965419531
CATR_CHLRE_Tsuboyama_2023_2AMI,F14L:F66A,0.5606536865
CATR_CHLRE_Tsuboyama_2023_2AMI,F14L:F66C,0.5727033615
CATR_CHLRE_Tsuboyama_2023_2AMI,F14L:F66I,1.415412903
CATR_CHLRE_Tsuboyama_2023_2AMI,F14L:F66L,1.215727806
CATR_CHLRE_Tsuboyama_2023_2AMI,F14L:F66M,0.4488568306
CATR_CHLRE_Tsuboyama_2023_2AMI,F14L:F66V,1.224946499
CATR_CHLRE_Tsuboyama_2023_2AMI,F14L:F66W,-0.06827974319
CATR_CHLRE_Tsuboyama_2023_2AMI,F14L:F66Y,-0.4337143898
CATR_CHLRE_Tsuboyama_2023_2AMI,F14M:F63C,0.6110005379
CATR_CHLRE_Tsuboyama_2023_2AMI,F14M:F63I,1.257596493
CATR_CHLRE_Tsuboyama_2023_2AMI,F14M:F63L,-0.09694623947
CATR_CHLRE_Tsuboyama_2023_2AMI,F14M:F63M,0.4821043015
