DMS_id,mutant,score,additive_pred,epistasis
AMFR_HUMAN_Tsuboyama_2023_4G3O,D28A:N41A,-0.86807036,-2.7730422,1.90497184
AMFR_HUMAN_Tsuboyama_2023_4G3O,D28A:N41C,-0.10977132,-2.1212908,2.01151948
AMFR_HUMAN_Tsuboyama_2023_4G3O,D28A:N41D,-1.00464,-3.6586942,2.6540542
AMFR_HUMAN_Tsuboyama_2023_4G3O,D28A:N41E,-1.2553104,-4.1865861,2.9312757
AMFR_HUMAN_Tsuboyama_2023_4G3O,D28A:N41F,-0.49793088,-2.9416485,2.44371762
AMFR_HUMAN_Tsuboyama_2023_4G3O,D28A:N41G,-0.8142961,-2.9315743,2.1172782
AMFR_HUMAN_Tsuboyama_2023_4G3O,D28A:N41H,-1.0185823,-1.6624279,0.6438456
AMFR_HUMAN_Tsuboyama_2023_4G3O,D28A:N41I,-0.8055997,-3.2519645,2.4463648
AMFR_HUMAN_Tsuboyama_2023_4G3O,D28A:N41K,-1.2521895,-2.0267143,0.7745248
AMFR_HUMAN_Tsuboyama_2023_4G3O,D28A:N41L,-0.040463768,-2.9832521,2.942788332
AMFR_HUMAN_Tsuboyama_2023_4G3O,D28A:N41M,0.06916689,-3.3065874,3.37575429
AMFR_HUMAN_Tsuboyama_2023_4G3O,D28A:N41P,-1.6299645,-4.0999605,2.469996
AMFR_HUMAN_Tsuboyama_2023_4G3O,D28A:N41Q,-1.0082214,-3.9550831,2.9468617
AMFR_HUMAN_Tsuboyama_2023_4G3O,D28A:N41R,-1.0587286,-1.61671577,0.55798717
AMFR_HUMAN_Tsuboyama_2023_4G3O,D28A:N41S,-1.1218227,-2.8659134,1.7440907
AMFR_HUMAN_Tsuboyama_2023_4G3O,D28A:N41T,-1.4092343,-3.4988157,2.0895814
AMFR_HUMAN_Tsuboyama_2023_4G3O,D28A:N41V,-0.6737665,-3.5063855,2.832619
AMFR_HUMAN_Tsuboyama_2023_4G3O,D28A:N41W,0.18839177,-2.8373836,3.02577537
AMFR_HUMAN_Tsuboyama_2023_4G3O,D28A:N41Y,-0.7168047,-3.1939673,2.4771626
AMFR_HUMAN_Tsuboyama_2023_4G3O,D28A:T32A,-1.309413,-3.7020013,2.3925883
AMFR_HUMAN_Tsuboyama_2023_4G3O,D28A:T32D,-1.9460328,-4.0079729,2.0619401
AMFR_HUMAN_Tsuboyama_2023_4G3O,D28A:T32E,-1.8435307,-3.8718679,2.0283372
AMFR_HUMAN_Tsuboyama_2023_4G3O,D28A:T32F,-0.4261654,-2.5696404,2.143475
AMFR_HUMAN_Tsuboyama_2023_4G3O,D28A:T32G,-1.3738399,-3.8053911,2.4315512
AMFR_HUMAN_Tsuboyama_2023_4G3O,D28A:T32H,-1.4463016,-2.4024616,0.95616
AMFR_HUMAN_Tsuboyama_2023_4G3O,D28A:T32I,-0.7666252,-3.625844,2.8592188
AMFR_HUMAN_Tsuboyama_2023_4G3O,D28A:T32K,-1.6184043,-4.2911477,2.6727434
AMFR_HUMAN_Tsuboyama_2023_4G3O,D28A:T32L,-0.6456543,-3.2250581,2.5794038
AMFR_HUMAN_Tsuboyama_2023_4G3O,D28A:T32M,-0.72960424,-3.335212,2.60560776
AMFR_HUMAN_Tsuboyama_2023_4G3O,D28A:T32N,-1.6618329,-3.0372717,1.3754388
AMFR_HUMAN_Tsuboyama_2023_4G3O,D28A:T32P,-1.7671187,-4.309262,2.5421433
AMFR_HUMAN_Tsuboyama_2023_4G3O,D28A:T32Q,-1.7464684,-3.7473647,2.0008963
AMFR_HUMAN_Tsuboyama_2023_4G3O,D28A:T32R,-1.5556222,-4.065942,2.5103198
AMFR_HUMAN_Tsuboyama_2023_4G3O,D28A:T32S,-1.5618453,-2.0306588,0.4688135
AMFR_HUMAN_Tsuboyama_2023_4G3O,D28A:T32V,-0.8492822,-3.6023409,2.7530587
AMFR_HUMAN_Tsuboyama_2023_4G3O,D28A:T32W,-0.37900612,-2.11681584,1.73780972
AMFR_HUMAN_Tsuboyama_2023_4G3O,D28A:T32Y,-0.68380016,-2.11285094,1.42905078
AMFR_HUMAN_Tsuboyama_2023_4G3O,D28A:T38A,-1.2622508,-4.0222366,2.7599858
AMFR_HUMAN_Tsuboyama_2023_4G3O,D28A:T38D,-1.701051,-4.256768,2.555717
AMFR_HUMAN_Tsuboyama_2023_4G3O,D28A:T38E,-1.4039447,-4.2038107,2.799866
AMFR_HUMAN_Tsuboyama_2023_4G3O,D28A:T38F,-0.76074874,-3.3621793,2.60143056
AMFR_HUMAN_Tsuboyama_2023_4G3O,D28A:T38G,-1.2481356,-3.9740427,2.7259071
AMFR_HUMAN_Tsuboyama_2023_4G3O,D28A:T38H,-1.6439226,-4.3234808,2.6795582
AMFR_HUMAN_Tsuboyama_2023_4G3O,D28A:T38I,-1.1215904,-3.479433,2.3578426
AMFR_HUMAN_Tsuboyama_2023_4G3O,D28A:T38K,-1.3242127,-4.0401153,2.7159026
AMFR_HUMAN_Tsuboyama_2023_4G3O,D28A:T38L,-0.72926056,-3.9220364,3.19277584
AMFR_HUMAN_Tsuboyama_2023_4G3O,D28A:T38M,-0.9784053,-3.6672754,2.6888701
AMFR_HUMAN_Tsuboyama_2023_4G3O,D28A:T38N,-1.5069026,-4.1758799,2.6689773
AMFR_HUMAN_Tsuboyama_2023_4G3O,D28A:T38Q,-1.4476082,-4.3061282,2.85852
AMFR_HUMAN_Tsuboyama_2023_4G3O,D28A:T38R,-1.5054679,-3.9813599,2.475892
AMFR_HUMAN_Tsuboyama_2023_4G3O,D28A:T38S,-1.1515193,-2.9468466,1.7953273
AMFR_HUMAN_Tsuboyama_2023_4G3O,D28A:T38V,-0.8462794,-3.6440279,2.7977485
AMFR_HUMAN_Tsuboyama_2023_4G3O,D28A:T38W,-0.74457204,-2.9346609,2.19008886
AMFR_HUMAN_Tsuboyama_2023_4G3O,D28A:T38Y,-0.67336464,-3.4515846,2.77821996
AMFR_HUMAN_Tsuboyama_2023_4G3O,D28C:N41C,0.047680795,-0.874163824,0.921844619
AMFR_HUMAN_Tsuboyama_2023_4G3O,D28C:N41D,0.02347805,-2.411567224,2.435045274
AMFR_HUMAN_Tsuboyama_2023_4G3O,D28C:N41E,0.45793787,-2.939459124,3.397396994
AMFR_HUMAN_Tsuboyama_2023_4G3O,D28C:N41F,-0.04851149,-1.694521524,1.646010034
AMFR_HUMAN_Tsuboyama_2023_4G3O,D28C:N41G,0.2553406,-1.684447324,1.939787924
AMFR_HUMAN_Tsuboyama_2023_4G3O,D28C:N41H,-0.29531774,-0.415300924,0.119983184
AMFR_HUMAN_Tsuboyama_2023_4G3O,D28C:N41L,0.20398833,-1.736125124,1.940113454
AMFR_HUMAN_Tsuboyama_2023_4G3O,D28C:N41M,0.35441548,-2.059460424,2.413875904
AMFR_HUMAN_Tsuboyama_2023_4G3O,D28C:N41P,0.5253636,-2.852833524,3.378197124
AMFR_HUMAN_Tsuboyama_2023_4G3O,D28C:N41R,0.17022687,-0.369588794,0.539815664
AMFR_HUMAN_Tsuboyama_2023_4G3O,D28C:N41T,0.15109968,-2.251688724,2.402788404
AMFR_HUMAN_Tsuboyama_2023_4G3O,D28C:N41W,0.38871366,-1.590256624,1.978970284
AMFR_HUMAN_Tsuboyama_2023_4G3O,D28C:N41Y,0.40118504,-1.946840324,2.348025364
AMFR_HUMAN_Tsuboyama_2023_4G3O,D28C:T38A,-0.060941003,-2.775109624,2.714168621
AMFR_HUMAN_Tsuboyama_2023_4G3O,D28C:T38C,0.61850846,-1.833953224,2.452461684
AMFR_HUMAN_Tsuboyama_2023_4G3O,D28C:T38E,-0.3745786,-2.956683724,2.582105124
AMFR_HUMAN_Tsuboyama_2023_4G3O,D28C:T38F,0.6775908,-2.115052324,2.792643124
AMFR_HUMAN_Tsuboyama_2023_4G3O,D28C:T38H,0.56971353,-3.076353824,3.646067354
AMFR_HUMAN_Tsuboyama_2023_4G3O,D28C:T38I,0.63641167,-2.232306024,2.868717694
AMFR_HUMAN_Tsuboyama_2023_4G3O,D28C:T38K,0.16576129,-2.792988324,2.958749614
AMFR_HUMAN_Tsuboyama_2023_4G3O,D28C:T38L,0.524915,-2.674909424,3.199824424
AMFR_HUMAN_Tsuboyama_2023_4G3O,D28C:T38M,0.083769605,-2.420148424,2.503918029
AMFR_HUMAN_Tsuboyama_2023_4G3O,D28C:T38N,0.021627102,-2.928752924,2.950380026
AMFR_HUMAN_Tsuboyama_2023_4G3O,D28C:T38Q,0.47992977,-3.059001224,3.538930994
AMFR_HUMAN_Tsuboyama_2023_4G3O,D28C:T38R,0.34829825,-2.734232924,3.082531174
AMFR_HUMAN_Tsuboyama_2023_4G3O,D28C:T38S,0.26601428,-1.699719624,1.965733904
AMFR_HUMAN_Tsuboyama_2023_4G3O,D28C:T38V,0.39152363,-2.396900924,2.788424554
AMFR_HUMAN_Tsuboyama_2023_4G3O,D28C:T38Y,0.3760844,-2.204457624,2.580542024
AMFR_HUMAN_Tsuboyama_2023_4G3O,D28E:N41A,-1.5307574,-3.2731085,1.7423511
AMFR_HUMAN_Tsuboyama_2023_4G3O,D28E:N41C,-1.1679553,-2.6213571,1.4534018
AMFR_HUMAN_Tsuboyama_2023_4G3O,D28E:N41D,-2.3195593,-4.1587605,1.8392012
AMFR_HUMAN_Tsuboyama_2023_4G3O,D28E:N41E,-2.4463892,-4.6866524,2.2402632
AMFR_HUMAN_Tsuboyama_2023_4G3O,D28E:N41F,-1.1493182,-3.4417148,2.2923966
AMFR_HUMAN_Tsuboyama_2023_4G3O,D28E:N41G,-2.04439,-3.4316406,1.3872506
AMFR_HUMAN_Tsuboyama_2023_4G3O,D28E:N41H,-1.5647733,-2.1624942,0.5977209
AMFR_HUMAN_Tsuboyama_2023_4G3O,D28E:N41I,-1.3384191,-3.7520308,2.4136117
AMFR_HUMAN_Tsuboyama_2023_4G3O,D28E:N41K,-1.9528505,-2.5267806,0.5739301
AMFR_HUMAN_Tsuboyama_2023_4G3O,D28E:N41L,-1.8430195,-3.4833184,1.6402989
AMFR_HUMAN_Tsuboyama_2023_4G3O,D28E:N41M,-1.4984236,-3.8066537,2.3082301
AMFR_HUMAN_Tsuboyama_2023_4G3O,D28E:N41P,-2.7442715,-4.6000268,1.8557553
AMFR_HUMAN_Tsuboyama_2023_4G3O,D28E:N41Q,-1.7001157,-4.4551494,2.7550337
AMFR_HUMAN_Tsuboyama_2023_4G3O,D28E:N41R,-1.5550848,-2.11678207,0.56169727
AMFR_HUMAN_Tsuboyama_2023_4G3O,D28E:N41S,-1.6099296,-3.3659797,1.7560501
AMFR_HUMAN_Tsuboyama_2023_4G3O,D28E:N41T,-2.1517463,-3.998882,1.8471357
AMFR_HUMAN_Tsuboyama_2023_4G3O,D28E:N41V,-2.1242795,-4.0064518,1.8821723
AMFR_HUMAN_Tsuboyama_2023_4G3O,D28E:N41W,-1.4199513,-3.3374499,1.9174986
AMFR_HUMAN_Tsuboyama_2023_4G3O,D28E:N41Y,-1.8135219,-3.6940336,1.8805117
AMFR_HUMAN_Tsuboyama_2023_4G3O,D28E:T32A,-2.4745233,-4.2020676,1.7275443
AMFR_HUMAN_Tsuboyama_2023_4G3O,D28E:T32D,-2.7052157,-4.5080392,1.8028235
AMFR_HUMAN_Tsuboyama_2023_4G3O,D28E:T32E,-2.4449537,-4.3719342,1.9269805
AMFR_HUMAN_Tsuboyama_2023_4G3O,D28E:T32F,-1.5869403,-3.0697067,1.4827664
AMFR_HUMAN_Tsuboyama_2023_4G3O,D28E:T32G,-2.2627249,-4.3054574,2.0427325
AMFR_HUMAN_Tsuboyama_2023_4G3O,D28E:T32H,-2.278844,-2.9025279,0.6236839
AMFR_HUMAN_Tsuboyama_2023_4G3O,D28E:T32I,-2.1916053,-4.1259103,1.934305
AMFR_HUMAN_Tsuboyama_2023_4G3O,D28E:T32K,-2.6874886,-4.791214,2.1037254
AMFR_HUMAN_Tsuboyama_2023_4G3O,D28E:T32L,-1.881554,-3.7251244,1.8435704
AMFR_HUMAN_Tsuboyama_2023_4G3O,D28E:T32M,-2.326023,-3.8352783,1.5092553
AMFR_HUMAN_Tsuboyama_2023_4G3O,D28E:T32N,-2.151495,-3.537338,1.385843
AMFR_HUMAN_Tsuboyama_2023_4G3O,D28E:T32P,-3.0585268,-4.8093283,1.7508015
AMFR_HUMAN_Tsuboyama_2023_4G3O,D28E:T32Q,-2.7543314,-4.247431,1.4930996
AMFR_HUMAN_Tsuboyama_2023_4G3O,D28E:T32R,-2.5688267,-4.5660083,1.9971816
AMFR_HUMAN_Tsuboyama_2023_4G3O,D28E:T32S,-2.3416793,-2.5307251,0.1890458
AMFR_HUMAN_Tsuboyama_2023_4G3O,D28E:T32V,-1.9139866,-4.1024072,2.1884206
AMFR_HUMAN_Tsuboyama_2023_4G3O,D28E:T32W,-1.4911424,-2.61688214,1.12573974
AMFR_HUMAN_Tsuboyama_2023_4G3O,D28E:T32Y,-1.6791085,-2.61291724,0.93380874
AMFR_HUMAN_Tsuboyama_2023_4G3O,D28E:T38A,-2.1929276,-4.5223029,2.3293753
BBC1_YEAST_Tsuboyama_2023_1TG0,D45A:N47A,-2.0153666,-1.06301605,-0.95235055
BBC1_YEAST_Tsuboyama_2023_1TG0,D45A:N47C,-1.6938094,-0.6896857,-1.0041237
BBC1_YEAST_Tsuboyama_2023_1TG0,D45A:N47D,-1.2834418,-1.33121785,0.04777605
BBC1_YEAST_Tsuboyama_2023_1TG0,D45A:N47E,-2.0887234,-1.24756285,-0.84116055
BBC1_YEAST_Tsuboyama_2023_1TG0,D45A:N47F,-2.2375672,-0.92387725,-1.31368995
BBC1_YEAST_Tsuboyama_2023_1TG0,D45A:N47G,-1.452038,-1.42670015,-0.02533785
BBC1_YEAST_Tsuboyama_2023_1TG0,D45A:N47H,-1.8607328,-0.82578485,-1.03494795
BBC1_YEAST_Tsuboyama_2023_1TG0,D45A:N47I,-2.5904534,-1.89759585,-0.69285755
BBC1_YEAST_Tsuboyama_2023_1TG0,D45A:N47K,-2.3146648,-0.76775962,-1.54690518
BBC1_YEAST_Tsuboyama_2023_1TG0,D45A:N47L,-2.3166456,-1.37401955,-0.94262605
BBC1_YEAST_Tsuboyama_2023_1TG0,D45A:N47M,-2.412386,-1.16243255,-1.24995345
BBC1_YEAST_Tsuboyama_2023_1TG0,D45A:N47P,-2.3153431,-3.23235245,0.91700935
BBC1_YEAST_Tsuboyama_2023_1TG0,D45A:N47Q,-2.2301145,-1.01927885,-1.21083565
BBC1_YEAST_Tsuboyama_2023_1TG0,D45A:N47R,-2.2375717,-0.99851755,-1.23905415
BBC1_YEAST_Tsuboyama_2023_1TG0,D45A:N47S,-0.9888937,-0.91336415,-0.07552955
BBC1_YEAST_Tsuboyama_2023_1TG0,D45A:N47T,-1.0111285,-1.09413645,0.08300795
BBC1_YEAST_Tsuboyama_2023_1TG0,D45A:N47V,-2.7407806,-1.56478685,-1.17599375
BBC1_YEAST_Tsuboyama_2023_1TG0,D45A:N47W,-1.270735,-1.36308605,0.09235105
BBC1_YEAST_Tsuboyama_2023_1TG0,D45A:N47Y,-2.1841059,-1.00541625,-1.17868965
BBC1_YEAST_Tsuboyama_2023_1TG0,D45C:N47A,-1.4282224,-1.13381418,-0.29440822
BBC1_YEAST_Tsuboyama_2023_1TG0,D45C:N47C,-1.1892624,-0.76048383,-0.42877857
BBC1_YEAST_Tsuboyama_2023_1TG0,D45C:N47D,-1.3529018,-1.40201598,0.04911418
BBC1_YEAST_Tsuboyama_2023_1TG0,D45C:N47E,-1.637849,-1.31836098,-0.31948802
BBC1_YEAST_Tsuboyama_2023_1TG0,D45C:N47F,-1.5987146,-0.99467538,-0.60403922
BBC1_YEAST_Tsuboyama_2023_1TG0,D45C:N47G,-1.5408306,-1.49749828,-0.04333232
BBC1_YEAST_Tsuboyama_2023_1TG0,D45C:N47H,-1.4321575,-0.89658298,-0.53557452
BBC1_YEAST_Tsuboyama_2023_1TG0,D45C:N47I,-1.7688208,-1.96839398,0.19957318
BBC1_YEAST_Tsuboyama_2023_1TG0,D45C:N47K,-1.7392987,-0.83855775,-0.90074095
BBC1_YEAST_Tsuboyama_2023_1TG0,D45C:N47L,-1.7753686,-1.44481768,-0.33055092
BBC1_YEAST_Tsuboyama_2023_1TG0,D45C:N47M,-1.6884311,-1.23323068,-0.45520042
BBC1_YEAST_Tsuboyama_2023_1TG0,D45C:N47P,-1.4871992,-3.30315058,1.81595138
BBC1_YEAST_Tsuboyama_2023_1TG0,D45C:N47Q,-1.7531835,-1.09007698,-0.66310652
BBC1_YEAST_Tsuboyama_2023_1TG0,D45C:N47R,-1.2975719,-1.06931568,-0.22825622
BBC1_YEAST_Tsuboyama_2023_1TG0,D45C:N47S,-1.2256733,-0.98416228,-0.24151102
BBC1_YEAST_Tsuboyama_2023_1TG0,D45C:N47T,-1.3325262,-1.16493458,-0.16759162
BBC1_YEAST_Tsuboyama_2023_1TG0,D45C:N47V,-1.572442,-1.63558498,0.06314298
BBC1_YEAST_Tsuboyama_2023_1TG0,D45C:N47W,-1.4296584,-1.43388418,0.00422578
BBC1_YEAST_Tsuboyama_2023_1TG0,D45C:N47Y,-1.610641,-1.07621438,-0.53442662
BBC1_YEAST_Tsuboyama_2023_1TG0,D45E:N47A,-2.8706586,-2.2682815,-0.6023771
BBC1_YEAST_Tsuboyama_2023_1TG0,D45E:N47C,-1.9822997,-1.89495115,-0.08734855
BBC1_YEAST_Tsuboyama_2023_1TG0,D45E:N47D,-2.4650018,-2.5364833,0.0714815
BBC1_YEAST_Tsuboyama_2023_1TG0,D45E:N47E,-2.6529372,-2.4528283,-0.2001089
BBC1_YEAST_Tsuboyama_2023_1TG0,D45E:N47F,-2.9384832,-2.1291427,-0.8093405
BBC1_YEAST_Tsuboyama_2023_1TG0,D45E:N47G,-1.9060311,-2.6319656,0.7259345
BBC1_YEAST_Tsuboyama_2023_1TG0,D45E:N47H,-2.5288885,-2.0310503,-0.4978382
BBC1_YEAST_Tsuboyama_2023_1TG0,D45E:N47I,-3.3393743,-3.1028613,-0.236513
BBC1_YEAST_Tsuboyama_2023_1TG0,D45E:N47K,-2.967668,-1.97302507,-0.99464293
BBC1_YEAST_Tsuboyama_2023_1TG0,D45E:N47L,-3.2178009,-2.579285,-0.6385159
BBC1_YEAST_Tsuboyama_2023_1TG0,D45E:N47M,-2.7822118,-2.367698,-0.4145138
BBC1_YEAST_Tsuboyama_2023_1TG0,D45E:N47P,-3.1418185,-4.4376179,1.2957994
BBC1_YEAST_Tsuboyama_2023_1TG0,D45E:N47Q,-2.8471673,-2.2245443,-0.622623
BBC1_YEAST_Tsuboyama_2023_1TG0,D45E:N47R,-2.46095,-2.203783,-0.257167
BBC1_YEAST_Tsuboyama_2023_1TG0,D45E:N47S,-1.8231891,-2.1186296,0.2954405
BBC1_YEAST_Tsuboyama_2023_1TG0,D45E:N47T,-1.9952856,-2.2994019,0.3041163
BBC1_YEAST_Tsuboyama_2023_1TG0,D45E:N47V,-3.137308,-2.7700523,-0.3672557
BBC1_YEAST_Tsuboyama_2023_1TG0,D45E:N47W,-2.5625331,-2.5683515,0.0058184
BBC1_YEAST_Tsuboyama_2023_1TG0,D45E:N47Y,-2.7196987,-2.2106817,-0.509017
BBC1_YEAST_Tsuboyama_2023_1TG0,D45F:N47A,-2.1887014,-2.342705,0.1540036
BBC1_YEAST_Tsuboyama_2023_1TG0,D45F:N47C,-1.3543738,-1.96937465,0.61500085
BBC1_YEAST_Tsuboyama_2023_1TG0,D45F:N47D,-2.5064595,-2.6109068,0.1044473
BBC1_YEAST_Tsuboyama_2023_1TG0,D45F:N47E,-2.8534188,-2.5272518,-0.326167
BBC1_YEAST_Tsuboyama_2023_1TG0,D45F:N47F,-2.196585,-2.2035662,0.0069812
BBC1_YEAST_Tsuboyama_2023_1TG0,D45F:N47G,-2.4021528,-2.7063891,0.3042363
BBC1_YEAST_Tsuboyama_2023_1TG0,D45F:N47H,-2.6898305,-2.1054738,-0.5843567
BBC1_YEAST_Tsuboyama_2023_1TG0,D45F:N47I,-2.2482502,-3.1772848,0.9290346
BBC1_YEAST_Tsuboyama_2023_1TG0,D45F:N47K,-2.8642316,-2.04744857,-0.81678303
BBC1_YEAST_Tsuboyama_2023_1TG0,D45F:N47L,-2.2120094,-2.6537085,0.4416991
BBC1_YEAST_Tsuboyama_2023_1TG0,D45F:N47M,-2.0899487,-2.4421215,0.3521728
BBC1_YEAST_Tsuboyama_2023_1TG0,D45F:N47P,-2.7271914,-4.5120414,1.78485
BBC1_YEAST_Tsuboyama_2023_1TG0,D45F:N47Q,-2.6227396,-2.2989678,-0.3237718
BBC1_YEAST_Tsuboyama_2023_1TG0,D45F:N47R,-2.361733,-2.2782065,-0.0835265
BBC1_YEAST_Tsuboyama_2023_1TG0,D45F:N47S,-2.3053138,-2.1930531,-0.1122607
BBC1_YEAST_Tsuboyama_2023_1TG0,D45F:N47T,-2.2346175,-2.3738254,0.1392079
BBC1_YEAST_Tsuboyama_2023_1TG0,D45F:N47V,-2.276152,-2.8444758,0.5683238
BBC1_YEAST_Tsuboyama_2023_1TG0,D45F:N47W,-2.1405897,-2.642775,0.5021853
BBC1_YEAST_Tsuboyama_2023_1TG0,D45F:N47Y,-2.3508434,-2.2851052,-0.0657382
BBC1_YEAST_Tsuboyama_2023_1TG0,D45G:N47A,-1.6726081,-1.6017183,-0.0708898
BBC1_YEAST_Tsuboyama_2023_1TG0,D45G:N47C,-1.4610138,-1.22838795,-0.23262585
BBC1_YEAST_Tsuboyama_2023_1TG0,D45G:N47D,-1.1903174,-1.8699201,0.6796027
BBC1_YEAST_Tsuboyama_2023_1TG0,D45G:N47E,-1.6804072,-1.7862651,0.1058579
BBC1_YEAST_Tsuboyama_2023_1TG0,D45G:N47F,-1.8441786,-1.4625795,-0.3815991
BBC1_YEAST_Tsuboyama_2023_1TG0,D45G:N47G,-1.588812,-1.9654024,0.3765904
BBC1_YEAST_Tsuboyama_2023_1TG0,D45G:N47H,-1.5099754,-1.3644871,-0.1454883
BBC1_YEAST_Tsuboyama_2023_1TG0,D45G:N47I,-2.7613292,-2.4362981,-0.3250311
BBC1_YEAST_Tsuboyama_2023_1TG0,D45G:N47K,-1.9688424,-1.30646187,-0.66238053
BBC1_YEAST_Tsuboyama_2023_1TG0,D45G:N47L,-1.9279518,-1.9127218,-0.01523
BBC1_YEAST_Tsuboyama_2023_1TG0,D45G:N47M,-1.8101779,-1.7011348,-0.1090431
BBC1_YEAST_Tsuboyama_2023_1TG0,D45G:N47P,-3.146474,-3.7710547,0.6245807
BBC1_YEAST_Tsuboyama_2023_1TG0,D45G:N47Q,-1.7314965,-1.5579811,-0.1735154
BBC1_YEAST_Tsuboyama_2023_1TG0,D45G:N47R,-1.9674951,-1.5372198,-0.4302753
BBC1_YEAST_Tsuboyama_2023_1TG0,D45G:N47S,-1.5512084,-1.4520664,-0.099142
BBC1_YEAST_Tsuboyama_2023_1TG0,D45G:N47T,-1.4962287,-1.6328387,0.13661
BBC1_YEAST_Tsuboyama_2023_1TG0,D45G:N47V,-2.4218338,-2.1034891,-0.3183447
BBC1_YEAST_Tsuboyama_2023_1TG0,D45G:N47W,-2.122638,-1.9017883,-0.2208497
BBC1_YEAST_Tsuboyama_2023_1TG0,D45G:N47Y,-2.1664994,-1.5441185,-0.6223809
BBC1_YEAST_Tsuboyama_2023_1TG0,D45H:N47A,-2.1165397,-1.7505704,-0.3659693
BBC1_YEAST_Tsuboyama_2023_1TG0,D45H:N47C,-1.587747,-1.37724005,-0.21050695
BBC1_YEAST_Tsuboyama_2023_1TG0,D45H:N47D,-1.7177548,-2.0187722,0.3010174
BBC1_YEAST_Tsuboyama_2023_1TG0,D45H:N47E,-2.3144746,-1.9351172,-0.3793574
BBC1_YEAST_Tsuboyama_2023_1TG0,D45H:N47F,-2.678399,-1.6114316,-1.0669674
BBC1_YEAST_Tsuboyama_2023_1TG0,D45H:N47G,-1.8808098,-2.1142545,0.2334447
BBC1_YEAST_Tsuboyama_2023_1TG0,D45H:N47H,-2.6603487,-1.5133392,-1.1470095
BBC1_YEAST_Tsuboyama_2023_1TG0,D45H:N47I,-2.9539459,-2.5851502,-0.3687957
BBC1_YEAST_Tsuboyama_2023_1TG0,D45H:N47K,-2.3356571,-1.45531397,-0.88034313
BBC1_YEAST_Tsuboyama_2023_1TG0,D45H:N47L,-2.4922125,-2.0615739,-0.4306386
BBC1_YEAST_Tsuboyama_2023_1TG0,D45H:N47M,-2.6053178,-1.8499869,-0.7553309
BBC1_YEAST_Tsuboyama_2023_1TG0,D45H:N47P,-2.6234438,-3.9199068,1.296463
BBC1_YEAST_Tsuboyama_2023_1TG0,D45H:N47Q,-2.5492294,-1.7068332,-0.8423962
BBC1_YEAST_Tsuboyama_2023_1TG0,D45H:N47R,-1.9759732,-1.6860719,-0.2899013
BBC1_YEAST_Tsuboyama_2023_1TG0,D45H:N47S,-1.3164464,-1.6009185,0.2844721
BBC1_YEAST_Tsuboyama_2023_1TG0,D45H:N47T,-1.5393848,-1.7816908,0.242306
BBC1_YEAST_Tsuboyama_2023_1TG0,D45H:N47V,-2.800817,-2.2523412,-0.5484758
BBC1_YEAST_Tsuboyama_2023_1TG0,D45H:N47W,-2.5739074,-2.0506404,-0.523267
BBC1_YEAST_Tsuboyama_2023_1TG0,D45H:N47Y,-2.6473875,-1.6929706,-0.9544169
BBC1_YEAST_Tsuboyama_2023_1TG0,D45I:N47A,-1.8491377,-1.5467625,-0.3023752
BBC1_YEAST_Tsuboyama_2023_1TG0,D45I:N47C,-1.4861093,-1.17343215,-0.31267715
BBC1_YEAST_Tsuboyama_2023_1TG0,D45I:N47D,-1.5020761,-1.8149643,0.3128882
BBC1_YEAST_Tsuboyama_2023_1TG0,D45I:N47E,-1.6817222,-1.7313093,0.0495871
BBC1_YEAST_Tsuboyama_2023_1TG0,D45I:N47F,-2.0553265,-1.4076237,-0.6477028
BBC1_YEAST_Tsuboyama_2023_1TG0,D45I:N47G,-1.1707698,-1.9104466,0.7396768
BCHB_CHLTE_Tsuboyama_2023_2KRU,D28A:R32A,-1.0882281,-1.8230656,0.7348375
BCHB_CHLTE_Tsuboyama_2023_2KRU,D28A:R32C,-1.5853199,-1.9931099,0.40779
BCHB_CHLTE_Tsuboyama_2023_2KRU,D28A:R32D,-2.159609,-2.9524971,0.7928881
BCHB_CHLTE_Tsuboyama_2023_2KRU,D28A:R32E,-1.6153358,-2.4349715,0.8196357
BCHB_CHLTE_Tsuboyama_2023_2KRU,D28A:R32F,-1.0579743,-1.7856504,0.7276761
BCHB_CHLTE_Tsuboyama_2023_2KRU,D28A:R32G,-2.2215643,-2.5072356,0.2856713
BCHB_CHLTE_Tsuboyama_2023_2KRU,D28A:R32H,-1.2589408,-1.6104621,0.3515213
BCHB_CHLTE_Tsuboyama_2023_2KRU,D28A:R32I,-0.801905,-1.2094157,0.4075107
BCHB_CHLTE_Tsuboyama_2023_2KRU,D28A:R32K,-0.8851472,-1.07468543,0.18953823
BCHB_CHLTE_Tsuboyama_2023_2KRU,D28A:R32L,-0.7783527,-1.3553418,0.5769891
BCHB_CHLTE_Tsuboyama_2023_2KRU,D28A:R32M,-0.77067363,-1.29860765,0.52793402
BCHB_CHLTE_Tsuboyama_2023_2KRU,D28A:R32N,-1.54424,-1.6919482,0.1477082
BCHB_CHLTE_Tsuboyama_2023_2KRU,D28A:R32Q,-1.1209337,-1.60152286,0.48058916
BCHB_CHLTE_Tsuboyama_2023_2KRU,D28A:R32S,-1.5144529,-1.9698567,0.4554038
BCHB_CHLTE_Tsuboyama_2023_2KRU,D28A:R32T,-1.3215247,-1.7558512,0.4343265
BCHB_CHLTE_Tsuboyama_2023_2KRU,D28A:R32V,-1.0477399,-1.6341789,0.586439
BCHB_CHLTE_Tsuboyama_2023_2KRU,D28A:R32W,-0.9601401,-1.7714651,0.811325
BCHB_CHLTE_Tsuboyama_2023_2KRU,D28A:R32Y,-1.1621721,-1.7392352,0.5770631
BCHB_CHLTE_Tsuboyama_2023_2KRU,D28C:R32A,-1.685518,-2.1647434,0.4792254
BCHB_CHLTE_Tsuboyama_2023_2KRU,D28C:R32C,-0.7577516,-2.3347877,1.5770361
BCHB_CHLTE_Tsuboyama_2023_2KRU,D28C:R32D,-2.8787386,-3.2941749,0.4154363
BCHB_CHLTE_Tsuboyama_2023_2KRU,D28C:R32E,-1.9824613,-2.7766493,0.794188
BCHB_CHLTE_Tsuboyama_2023_2KRU,D28C:R32F,-1.4558,-2.1273282,0.6715282
BCHB_CHLTE_Tsuboyama_2023_2KRU,D28C:R32G,-2.9361358,-2.8489134,-0.0872224
BCHB_CHLTE_Tsuboyama_2023_2KRU,D28C:R32H,-1.7206448,-1.9521399,0.2314951
BCHB_CHLTE_Tsuboyama_2023_2KRU,D28C:R32I,-0.8865113,-1.5510935,0.6645822
BCHB_CHLTE_Tsuboyama_2023_2KRU,D28C:R32K,-1.3058699,-1.41636323,0.11049333
BCHB_CHLTE_Tsuboyama_2023_2KRU,D28C:R32L,-1.0891315,-1.6970196,0.6078881
BCHB_CHLTE_Tsuboyama_2023_2KRU,D28C:R32M,-0.8520224,-1.64028545,0.78826305
BCHB_CHLTE_Tsuboyama_2023_2KRU,D28C:R32N,-1.8178985,-2.033626,0.2157275
BCHB_CHLTE_Tsuboyama_2023_2KRU,D28C:R32Q,-1.5399475,-1.94320066,0.40325316
BCHB_CHLTE_Tsuboyama_2023_2KRU,D28C:R32S,-2.1018124,-2.3115345,0.2097221
BCHB_CHLTE_Tsuboyama_2023_2KRU,D28C:R32T,-1.9402194,-2.097529,0.1573096
BCHB_CHLTE_Tsuboyama_2023_2KRU,D28C:R32V,-1.2553816,-1.9758567,0.7204751
BCHB_CHLTE_Tsuboyama_2023_2KRU,D28C:R32W,-1.4112043,-2.1131429,0.7019386
BCHB_CHLTE_Tsuboyama_2023_2KRU,D28C:R32Y,-1.45325,-2.080913,0.627663
BCHB_CHLTE_Tsuboyama_2023_2KRU,D28E:R32A,-0.11037184,-0.35789224,0.2475204
BCHB_CHLTE_Tsuboyama_2023_2KRU,D28E:R32C,-0.4539704,-0.52793654,0.07396614
BCHB_CHLTE_Tsuboyama_2023_2KRU,D28E:R32D,-0.9680992,-1.48732374,0.51922454
BCHB_CHLTE_Tsuboyama_2023_2KRU,D28E:R32E,-0.6682322,-0.96979814,0.30156594
BCHB_CHLTE_Tsuboyama_2023_2KRU,D28E:R32F,6.786854e-05,-0.32047704,0.3205449085
BCHB_CHLTE_Tsuboyama_2023_2KRU,D28E:R32G,-0.8853377,-1.04206224,0.15672454
BCHB_CHLTE_Tsuboyama_2023_2KRU,D28E:R32H,0.1701827,-0.14528874,0.31547144
BCHB_CHLTE_Tsuboyama_2023_2KRU,D28E:R32I,0.38680202,0.25575766,0.13104436
BCHB_CHLTE_Tsuboyama_2023_2KRU,D28E:R32K,0.44179347,0.39048793,0.05130554
BCHB_CHLTE_Tsuboyama_2023_2KRU,D28E:R32L,0.38385335,0.10983156,0.27402179
BCHB_CHLTE_Tsuboyama_2023_2KRU,D28E:R32M,0.36890826,0.16656571,0.20234255
BCHB_CHLTE_Tsuboyama_2023_2KRU,D28E:R32N,-0.023100201,-0.22677484,0.203674639
BCHB_CHLTE_Tsuboyama_2023_2KRU,D28E:R32Q,-0.053661436,-0.1363495,0.082688064
BCHB_CHLTE_Tsuboyama_2023_2KRU,D28E:R32S,-0.2863722,-0.50468334,0.21831114
BCHB_CHLTE_Tsuboyama_2023_2KRU,D28E:R32T,-0.15439688,-0.29067784,0.13628096
BCHB_CHLTE_Tsuboyama_2023_2KRU,D28E:R32V,0.04630114,-0.16900554,0.21530668
BCHB_CHLTE_Tsuboyama_2023_2KRU,D28E:R32W,3.1048952e-05,-0.30629174,0.306322789
BCHB_CHLTE_Tsuboyama_2023_2KRU,D28E:R32Y,0.033242323,-0.27406184,0.307304163
BCHB_CHLTE_Tsuboyama_2023_2KRU,D28F:R32A,-2.8164027,-3.5983815,0.7819788
BCHB_CHLTE_Tsuboyama_2023_2KRU,D28F:R32C,-2.8677504,-3.7684258,0.9006754
BCHB_CHLTE_Tsuboyama_2023_2KRU,D28F:R32D,-3.7938087,-4.727813,0.9340043
BCHB_CHLTE_Tsuboyama_2023_2KRU,D28F:R32E,-3.3693287,-4.2102874,0.8409587
BCHB_CHLTE_Tsuboyama_2023_2KRU,D28F:R32F,-3.0366263,-3.5609663,0.52434
BCHB_CHLTE_Tsuboyama_2023_2KRU,D28F:R32G,-3.6517854,-4.2825515,0.6307661
BCHB_CHLTE_Tsuboyama_2023_2KRU,D28F:R32H,-2.8878405,-3.385778,0.4979375
BCHB_CHLTE_Tsuboyama_2023_2KRU,D28F:R32I,-2.2250423,-2.9847316,0.7596893
BCHB_CHLTE_Tsuboyama_2023_2KRU,D28F:R32K,-2.4221663,-2.85000133,0.42783503
BCHB_CHLTE_Tsuboyama_2023_2KRU,D28F:R32L,-2.3235333,-3.1306577,0.8071244
BCHB_CHLTE_Tsuboyama_2023_2KRU,D28F:R32M,-2.314129,-3.07392355,0.75979455
BCHB_CHLTE_Tsuboyama_2023_2KRU,D28F:R32N,-3.1380186,-3.4672641,0.3292455
BCHB_CHLTE_Tsuboyama_2023_2KRU,D28F:R32Q,-2.6168275,-3.37683876,0.76001126
BCHB_CHLTE_Tsuboyama_2023_2KRU,D28F:R32S,-2.7010396,-3.7451726,1.044133
BCHB_CHLTE_Tsuboyama_2023_2KRU,D28F:R32T,-2.8833501,-3.5311671,0.647817
BCHB_CHLTE_Tsuboyama_2023_2KRU,D28F:R32V,-2.4871526,-3.4094948,0.9223422
BCHB_CHLTE_Tsuboyama_2023_2KRU,D28F:R32W,-2.739685,-3.546781,0.807096
BCHB_CHLTE_Tsuboyama_2023_2KRU,D28F:R32Y,-2.8929935,-3.5145511,0.6215576
BCHB_CHLTE_Tsuboyama_2023_2KRU,D28G:R32A,-2.1606905,-2.6171497,0.4564592
BCHB_CHLTE_Tsuboyama_2023_2KRU,D28G:R32C,-2.4188535,-2.787194,0.3683405
BCHB_CHLTE_Tsuboyama_2023_2KRU,D28G:R32D,-3.0617394,-3.7465812,0.6848418
BCHB_CHLTE_Tsuboyama_2023_2KRU,D28G:R32E,-2.6067903,-3.2290556,0.6222653
BCHB_CHLTE_Tsuboyama_2023_2KRU,D28G:R32F,-2.2101896,-2.5797345,0.3695449
BCHB_CHLTE_Tsuboyama_2023_2KRU,D28G:R32G,-3.108985,-3.3013197,0.1923347
BCHB_CHLTE_Tsuboyama_2023_2KRU,D28G:R32H,-2.2339242,-2.4045462,0.170622
BCHB_CHLTE_Tsuboyama_2023_2KRU,D28G:R32I,-1.6571608,-2.0034998,0.346339
BCHB_CHLTE_Tsuboyama_2023_2KRU,D28G:R32K,-1.6701652,-1.86876953,0.19860433
BCHB_CHLTE_Tsuboyama_2023_2KRU,D28G:R32L,-1.6693516,-2.1494259,0.4800743
BCHB_CHLTE_Tsuboyama_2023_2KRU,D28G:R32M,-1.7887945,-2.09269175,0.30389725
BCHB_CHLTE_Tsuboyama_2023_2KRU,D28G:R32N,-2.3539653,-2.4860323,0.132067
BCHB_CHLTE_Tsuboyama_2023_2KRU,D28G:R32Q,-2.0690873,-2.39560696,0.32651966
BCHB_CHLTE_Tsuboyama_2023_2KRU,D28G:R32S,-2.2661986,-2.7639408,0.4977422
BCHB_CHLTE_Tsuboyama_2023_2KRU,D28G:R32T,-2.3758187,-2.5499353,0.1741166
BCHB_CHLTE_Tsuboyama_2023_2KRU,D28G:R32V,-1.9651868,-2.428263,0.4630762
BCHB_CHLTE_Tsuboyama_2023_2KRU,D28G:R32W,-2.0998502,-2.5655492,0.465699
BCHB_CHLTE_Tsuboyama_2023_2KRU,D28G:R32Y,-2.2522814,-2.5333193,0.2810379
BCHB_CHLTE_Tsuboyama_2023_2KRU,D28H:R32A,-2.4509943,-2.9700276,0.5190333
BCHB_CHLTE_Tsuboyama_2023_2KRU,D28H:R32C,-2.5401368,-3.1400719,0.5999351
BCHB_CHLTE_Tsuboyama_2023_2KRU,D28H:R32D,-3.2445402,-4.0994591,0.8549189
BCHB_CHLTE_Tsuboyama_2023_2KRU,D28H:R32E,-2.6013412,-3.5819335,0.9805923
BCHB_CHLTE_Tsuboyama_2023_2KRU,D28H:R32F,-2.3240833,-2.9326124,0.6085291
BCHB_CHLTE_Tsuboyama_2023_2KRU,D28H:R32G,-3.6095743,-3.6541976,0.0446233
BCHB_CHLTE_Tsuboyama_2023_2KRU,D28H:R32H,-2.3845177,-2.7574241,0.3729064
BCHB_CHLTE_Tsuboyama_2023_2KRU,D28H:R32I,-1.5293037,-2.3563777,0.827074
BCHB_CHLTE_Tsuboyama_2023_2KRU,D28H:R32K,-1.9868907,-2.22164743,0.23475673
BCHB_CHLTE_Tsuboyama_2023_2KRU,D28H:R32L,-1.4987886,-2.5023038,1.0035152
BCHB_CHLTE_Tsuboyama_2023_2KRU,D28H:R32M,-1.7391709,-2.44556965,0.70639875
BCHB_CHLTE_Tsuboyama_2023_2KRU,D28H:R32N,-2.3856921,-2.8389102,0.4532181
BCHB_CHLTE_Tsuboyama_2023_2KRU,D28H:R32Q,-2.3515916,-2.74848486,0.39689326
BCHB_CHLTE_Tsuboyama_2023_2KRU,D28H:R32S,-2.5955398,-3.1168187,0.5212789
BCHB_CHLTE_Tsuboyama_2023_2KRU,D28H:R32T,-2.2652514,-2.9028132,0.6375618
BCHB_CHLTE_Tsuboyama_2023_2KRU,D28H:R32V,-1.6948607,-2.7811409,1.0862802
BCHB_CHLTE_Tsuboyama_2023_2KRU,D28H:R32W,-2.1685097,-2.9184271,0.7499174
BCHB_CHLTE_Tsuboyama_2023_2KRU,D28H:R32Y,-2.2743676,-2.8861972,0.6118296
BCHB_CHLTE_Tsuboyama_2023_2KRU,D28I:R32A,-1.4668473,-1.67306366,0.20621636
BCHB_CHLTE_Tsuboyama_2023_2KRU,D28I:R32C,-1.3697246,-1.84310796,0.47338336
BCHB_CHLTE_Tsuboyama_2023_2KRU,D28I:R32D,-2.2801375,-2.80249516,0.52235766
BCHB_CHLTE_Tsuboyama_2023_2KRU,D28I:R32E,-1.5565706,-2.28496956,0.72839896
BCHB_CHLTE_Tsuboyama_2023_2KRU,D28I:R32F,-1.071972,-1.63564846,0.56367646
BCHB_CHLTE_Tsuboyama_2023_2KRU,D28I:R32G,-2.27672,-2.35723366,0.08051366
BCHB_CHLTE_Tsuboyama_2023_2KRU,D28I:R32H,-0.9186249,-1.46046016,0.54183526
BCHB_CHLTE_Tsuboyama_2023_2KRU,D28I:R32I,-0.22556812,-1.05941376,0.83384564
BCHB_CHLTE_Tsuboyama_2023_2KRU,D28I:R32K,-0.6232464,-0.92468349,0.30143709
BCHB_CHLTE_Tsuboyama_2023_2KRU,D28I:R32L,-0.34973332,-1.20533986,0.85560654
BCHB_CHLTE_Tsuboyama_2023_2KRU,D28I:R32M,-0.47305974,-1.14860571,0.67554597
BCHB_CHLTE_Tsuboyama_2023_2KRU,D28I:R32N,-0.87547016,-1.54194626,0.6664761
CATR_CHLRE_Tsuboyama_2023_2AMI,F14A:F63C,-2.8035278,-4.1124541,1.3089263
CATR_CHLRE_Tsuboyama_2023_2AMI,F14A:F63I,-1.9401208,-3.0418339,1.1017131
CATR_CHLRE_Tsuboyama_2023_2AMI,F14A:F63L,-2.0676386,-3.24623944,1.17860084
CATR_CHLRE_Tsuboyama_2023_2AMI,F14A:F63M,-2.5591896,-3.59241904,1.03322944
CATR_CHLRE_Tsuboyama_2023_2AMI,F14A:F63V,-2.7652998,-3.6881273,0.9228275
CATR_CHLRE_Tsuboyama_2023_2AMI,F14A:F63W,-1.8997563,-2.595859877,0.6961035772
CATR_CHLRE_Tsuboyama_2023_2AMI,F14A:F63Y,-3.1582618,-3.0157642,-0.1424976
CATR_CHLRE_Tsuboyama_2023_2AMI,F14A:F66C,-3.2569566,-4.2045735,0.9476169
CATR_CHLRE_Tsuboyama_2023_2AMI,F14A:F66I,-2.7627032,-3.6177746,0.8550714
CATR_CHLRE_Tsuboyama_2023_2AMI,F14A:F66L,-2.472526,-3.3005236,0.8279976
CATR_CHLRE_Tsuboyama_2023_2AMI,F14A:F66W,-2.205271,-2.86132724,0.65605624
CATR_CHLRE_Tsuboyama_2023_2AMI,F14A:F66Y,-3.1918383,-3.8641435,0.6723052
CATR_CHLRE_Tsuboyama_2023_2AMI,F14C:F63A,-1.8458343,-2.7341472,0.8883129
CATR_CHLRE_Tsuboyama_2023_2AMI,F14C:F63C,0.69606286,-2.6493864,3.34544926
CATR_CHLRE_Tsuboyama_2023_2AMI,F14C:F63D,-2.5450704,-3.9656837,1.4206133
CATR_CHLRE_Tsuboyama_2023_2AMI,F14C:F63E,-2.2691903,-3.6438173,1.374627
CATR_CHLRE_Tsuboyama_2023_2AMI,F14C:F63G,-2.314126,-3.7632217,1.4490957
CATR_CHLRE_Tsuboyama_2023_2AMI,F14C:F63H,-2.1637943,-3.069742,0.9059477
CATR_CHLRE_Tsuboyama_2023_2AMI,F14C:F63I,-0.940644,-1.5787662,0.6381222
CATR_CHLRE_Tsuboyama_2023_2AMI,F14C:F63K,-2.2866197,-2.4338917,0.147272
CATR_CHLRE_Tsuboyama_2023_2AMI,F14C:F63L,-1.3207691,-1.78317174,0.46240264
CATR_CHLRE_Tsuboyama_2023_2AMI,F14C:F63M,-1.330262,-2.12935134,0.79908934
CATR_CHLRE_Tsuboyama_2023_2AMI,F14C:F63N,-2.334364,-3.7421123,1.4077483
CATR_CHLRE_Tsuboyama_2023_2AMI,F14C:F63P,-2.0597215,-2.9090291,0.8493076
CATR_CHLRE_Tsuboyama_2023_2AMI,F14C:F63Q,-1.8956182,-2.9128135,1.0171953
CATR_CHLRE_Tsuboyama_2023_2AMI,F14C:F63R,-1.901302,-2.3950364,0.4937344
CATR_CHLRE_Tsuboyama_2023_2AMI,F14C:F63S,-2.5110567,-3.127094,0.6160373
CATR_CHLRE_Tsuboyama_2023_2AMI,F14C:F63T,-2.0902455,-3.2777891,1.1875436
CATR_CHLRE_Tsuboyama_2023_2AMI,F14C:F63V,-1.2980736,-2.2250596,0.926986
CATR_CHLRE_Tsuboyama_2023_2AMI,F14C:F63W,-0.98743135,-1.132792177,0.1453608272
CATR_CHLRE_Tsuboyama_2023_2AMI,F14C:F63Y,-1.4500297,-1.5526965,0.1026668
CATR_CHLRE_Tsuboyama_2023_2AMI,F14C:F66A,-2.1417067,-3.1500985,1.0083918
CATR_CHLRE_Tsuboyama_2023_2AMI,F14C:F66C,0.09356168,-2.7415058,2.83506748
CATR_CHLRE_Tsuboyama_2023_2AMI,F14C:F66I,-1.2734166,-2.1547069,0.8812903
CATR_CHLRE_Tsuboyama_2023_2AMI,F14C:F66L,-1.1767044,-1.8374559,0.6607515
CATR_CHLRE_Tsuboyama_2023_2AMI,F14C:F66M,-1.5346663,-2.3648783,0.830212
CATR_CHLRE_Tsuboyama_2023_2AMI,F14C:F66R,-2.199757,-4.3418483,2.1420913
CATR_CHLRE_Tsuboyama_2023_2AMI,F14C:F66S,-2.719771,-4.2718043,1.5520333
CATR_CHLRE_Tsuboyama_2023_2AMI,F14C:F66T,-2.3870037,-3.267478,0.8804743
CATR_CHLRE_Tsuboyama_2023_2AMI,F14C:F66V,-1.7795272,-2.051436,0.2719088
CATR_CHLRE_Tsuboyama_2023_2AMI,F14C:F66W,-1.2367984,-1.39825954,0.16146114
CATR_CHLRE_Tsuboyama_2023_2AMI,F14C:F66Y,-1.6424892,-2.4010758,0.7585866
CATR_CHLRE_Tsuboyama_2023_2AMI,F14D:F63C,-2.7174528,-4.3824418,1.664989
CATR_CHLRE_Tsuboyama_2023_2AMI,F14D:F63I,-3.0149243,-3.3118216,0.2968973
CATR_CHLRE_Tsuboyama_2023_2AMI,F14D:F63L,-2.7637367,-3.51622714,0.75249044
CATR_CHLRE_Tsuboyama_2023_2AMI,F14D:F63W,-2.3606956,-2.865847577,0.5051519772
CATR_CHLRE_Tsuboyama_2023_2AMI,F14E:F63C,-2.440021,-4.3640919,1.9240709
CATR_CHLRE_Tsuboyama_2023_2AMI,F14E:F63I,-3.1599245,-3.2934717,0.1335472
CATR_CHLRE_Tsuboyama_2023_2AMI,F14E:F63L,-2.7806077,-3.49787724,0.71726954
CATR_CHLRE_Tsuboyama_2023_2AMI,F14E:F63V,-2.8716176,-3.9397651,1.0681475
CATR_CHLRE_Tsuboyama_2023_2AMI,F14E:F63W,-2.3287868,-2.847497677,0.5187108772
CATR_CHLRE_Tsuboyama_2023_2AMI,F14E:F66W,-2.8250973,-3.11296504,0.28786774
CATR_CHLRE_Tsuboyama_2023_2AMI,F14G:F63C,-2.3408394,-4.5290039,2.1881645
CATR_CHLRE_Tsuboyama_2023_2AMI,F14G:F63I,-2.529952,-3.4583837,0.9284317
CATR_CHLRE_Tsuboyama_2023_2AMI,F14G:F63L,-2.7255912,-3.66278924,0.93719804
CATR_CHLRE_Tsuboyama_2023_2AMI,F14G:F63M,-2.9952626,-4.00896884,1.01370624
CATR_CHLRE_Tsuboyama_2023_2AMI,F14G:F63W,-2.0474966,-3.012409677,0.9649130772
CATR_CHLRE_Tsuboyama_2023_2AMI,F14G:F66I,-3.014403,-4.0343244,1.0199214
CATR_CHLRE_Tsuboyama_2023_2AMI,F14G:F66W,-2.6452842,-3.27787704,0.63259284
CATR_CHLRE_Tsuboyama_2023_2AMI,F14H:F63C,-2.124182,-4.0403705,1.9161885
CATR_CHLRE_Tsuboyama_2023_2AMI,F14H:F63I,-2.4518535,-2.9697503,0.5178968
CATR_CHLRE_Tsuboyama_2023_2AMI,F14H:F63L,-2.4545352,-3.17415584,0.71962064
CATR_CHLRE_Tsuboyama_2023_2AMI,F14H:F63V,-2.8653922,-3.6160437,0.7506515
CATR_CHLRE_Tsuboyama_2023_2AMI,F14H:F63W,-2.029374,-2.523776277,0.4944022772
CATR_CHLRE_Tsuboyama_2023_2AMI,F14H:F63Y,-2.811049,-2.9436806,0.1326316
CATR_CHLRE_Tsuboyama_2023_2AMI,F14H:F66C,-2.860597,-4.1324899,1.2718929
CATR_CHLRE_Tsuboyama_2023_2AMI,F14H:F66I,-2.7958612,-3.545691,0.7498298
CATR_CHLRE_Tsuboyama_2023_2AMI,F14H:F66L,-2.4390664,-3.22844,0.7893736
CATR_CHLRE_Tsuboyama_2023_2AMI,F14H:F66W,-2.6211798,-2.78924364,0.16806384
CATR_CHLRE_Tsuboyama_2023_2AMI,F14I:F63A,-2.9395716,-3.5834742,0.6439026
CATR_CHLRE_Tsuboyama_2023_2AMI,F14I:F63C,-1.8633484,-3.4987134,1.635365
CATR_CHLRE_Tsuboyama_2023_2AMI,F14I:F63G,-3.1582298,-4.6125487,1.4543189
CATR_CHLRE_Tsuboyama_2023_2AMI,F14I:F63H,-3.2096334,-3.919069,0.7094356
CATR_CHLRE_Tsuboyama_2023_2AMI,F14I:F63I,-0.972277,-2.4280932,1.4558162
CATR_CHLRE_Tsuboyama_2023_2AMI,F14I:F63K,-2.8657866,-3.2832187,0.4174321
CATR_CHLRE_Tsuboyama_2023_2AMI,F14I:F63L,-1.5012451,-2.63249874,1.13125364
CATR_CHLRE_Tsuboyama_2023_2AMI,F14I:F63M,-2.2482848,-2.97867834,0.73039354
CATR_CHLRE_Tsuboyama_2023_2AMI,F14I:F63P,-2.439676,-3.7583561,1.3186801
CATR_CHLRE_Tsuboyama_2023_2AMI,F14I:F63V,-1.6913619,-3.0743866,1.3830247
CATR_CHLRE_Tsuboyama_2023_2AMI,F14I:F63W,-1.5840144,-1.982119177,0.3981047772
CATR_CHLRE_Tsuboyama_2023_2AMI,F14I:F63Y,-1.9664676,-2.4020235,0.4355559
CATR_CHLRE_Tsuboyama_2023_2AMI,F14I:F66C,-2.6681147,-3.5908328,0.9227181
CATR_CHLRE_Tsuboyama_2023_2AMI,F14I:F66I,-1.880564,-3.0040339,1.1234699
CATR_CHLRE_Tsuboyama_2023_2AMI,F14I:F66L,-2.1855562,-2.6867829,0.5012267
CATR_CHLRE_Tsuboyama_2023_2AMI,F14I:F66M,-2.9412801,-3.2142053,0.2729252
CATR_CHLRE_Tsuboyama_2023_2AMI,F14I:F66V,-2.6214294,-2.900763,0.2793336
CATR_CHLRE_Tsuboyama_2023_2AMI,F14I:F66W,-2.219549,-2.24758654,0.02803754
CATR_CHLRE_Tsuboyama_2023_2AMI,F14I:F66Y,-2.6693203,-3.2504028,0.5810825
CATR_CHLRE_Tsuboyama_2023_2AMI,F14K:F63C,-2.6356907,-4.3023153,1.6666246
CATR_CHLRE_Tsuboyama_2023_2AMI,F14K:F63I,-2.4175968,-3.2316951,0.8140983
CATR_CHLRE_Tsuboyama_2023_2AMI,F14K:F63L,-2.3506126,-3.43610064,1.08548804
CATR_CHLRE_Tsuboyama_2023_2AMI,F14K:F63W,-1.993634,-2.785721077,0.7920870772
CATR_CHLRE_Tsuboyama_2023_2AMI,F14K:F63Y,-3.104656,-3.2056254,0.1009694
CATR_CHLRE_Tsuboyama_2023_2AMI,F14K:F66I,-3.2177155,-3.8076358,0.5899203
CATR_CHLRE_Tsuboyama_2023_2AMI,F14K:F66L,-3.114317,-3.4903848,0.3760678
CATR_CHLRE_Tsuboyama_2023_2AMI,F14K:F66W,-2.558819,-3.05118844,0.49236944
CATR_CHLRE_Tsuboyama_2023_2AMI,F14L:F63A,-2.255077,-3.0165625,0.7614855
CATR_CHLRE_Tsuboyama_2023_2AMI,F14L:F63C,-1.7300965,-2.9318017,1.2017052
CATR_CHLRE_Tsuboyama_2023_2AMI,F14L:F63E,-2.7979841,-3.9262326,1.1282485
CATR_CHLRE_Tsuboyama_2023_2AMI,F14L:F63I,0.21038418,-1.8611815,2.07156568
CATR_CHLRE_Tsuboyama_2023_2AMI,F14L:F63K,-2.1842368,-2.716307,0.5320702
CATR_CHLRE_Tsuboyama_2023_2AMI,F14L:F63L,-0.8870287,-2.06558704,1.17855834
CATR_CHLRE_Tsuboyama_2023_2AMI,F14L:F63M,-1.4741124,-2.41176664,0.93765424
CATR_CHLRE_Tsuboyama_2023_2AMI,F14L:F63R,-2.250501,-2.6774517,0.4269507
CATR_CHLRE_Tsuboyama_2023_2AMI,F14L:F63T,-2.1850786,-3.5602044,1.3751258
CATR_CHLRE_Tsuboyama_2023_2AMI,F14L:F63V,-0.9642204,-2.5074749,1.5432545
CATR_CHLRE_Tsuboyama_2023_2AMI,F14L:F63W,-1.1446999,-1.415207477,0.2705075772
CATR_CHLRE_Tsuboyama_2023_2AMI,F14L:F63Y,-1.6227202,-1.8351118,0.2123916
CATR_CHLRE_Tsuboyama_2023_2AMI,F14L:F66A,-2.271891,-3.4325138,1.1606228
CATR_CHLRE_Tsuboyama_2023_2AMI,F14L:F66C,-2.136882,-3.0239211,0.8870391
CATR_CHLRE_Tsuboyama_2023_2AMI,F14L:F66I,-1.7478749,-2.4371222,0.6892473
CATR_CHLRE_Tsuboyama_2023_2AMI,F14L:F66L,-1.6686062,-2.1198712,0.451265
CATR_CHLRE_Tsuboyama_2023_2AMI,F14L:F66M,-2.2434056,-2.6472936,0.403888
CATR_CHLRE_Tsuboyama_2023_2AMI,F14L:F66V,-2.1009223,-2.3338513,0.232929
CATR_CHLRE_Tsuboyama_2023_2AMI,F14L:F66W,-1.793864,-1.68067484,-0.11318916
CATR_CHLRE_Tsuboyama_2023_2AMI,F14L:F66Y,-2.7036178,-2.6834911,-0.0201267
CATR_CHLRE_Tsuboyama_2023_2AMI,F14M:F63C,-1.7633084,-3.2342625,1.4709541
CATR_CHLRE_Tsuboyama_2023_2AMI,F14M:F63I,-0.86035043,-2.1636423,1.30329187
CATR_CHLRE_Tsuboyama_2023_2AMI,F14M:F63L,-1.2117921,-2.36804784,1.15625574
CATR_CHLRE_Tsuboyama_2023_2AMI,F14M:F63M,-1.9148997,-2.71422744,0.79932774
